CountyFIPS,County Name,State,ConfirmedCases,ConfirmedDeaths
1001,Autauga County,AL,661,14
1003,Baldwin County,AL,1131,11
1005,Barbour County,AL,371,2
1007,Bibb County,AL,211,1
1009,Blount County,AL,282,1
1011,Bullock County,AL,375,11
1013,Butler County,AL,646,28
1015,Calhoun County,AL,445,5
1017,Chambers County,AL,672,27
1019,Cherokee County,AL,115,7
1021,Chilton County,AL,295,3
1023,Choctaw County,AL,203,12
1025,Clarke County,AL,295,6
1027,Clay County,AL,74,2
1029,Cleburne County,AL,41,1
1031,Coffee County,AL,412,4
1033,Colbert County,AL,474,6
1035,Conecuh County,AL,229,7
1037,Coosa County,AL,62,1
1039,Covington County,AL,412,12
1041,Crenshaw County,AL,130,3
1043,Cullman County,AL,549,5
1045,Dale County,AL,365,1
1047,Dallas County,AL,971,9
1049,DeKalb County,AL,851,6
1051,Elmore County,AL,1005,19
1053,Escambia County,AL,452,8
1055,Etowah County,AL,894,14
1057,Fayette County,AL,81,1
1059,Franklin County,AL,927,16
1061,Geneva County,AL,92,0
1063,Greene County,AL,192,8
1065,Hale County,AL,342,22
1067,Henry County,AL,144,4
1069,Houston County,AL,567,8
1071,Jackson County,AL,378,3
1073,Jefferson County,AL,6092,164
1075,Lamar County,AL,82,1
1077,Lauderdale County,AL,540,6
1079,Lawrence County,AL,120,0
1081,Lee County,AL,1527,38
1083,Limestone County,AL,579,1
1085,Lowndes County,AL,484,24
1087,Macon County,AL,212,9
1089,Madison County,AL,1934,9
1091,Marengo County,AL,332,11
1093,Marion County,AL,249,14
1095,Marshall County,AL,1879,11
1097,Mobile County,AL,4442,141
1099,Monroe County,AL,251,3
1101,Montgomery County,AL,4386,111
1103,Morgan County,AL,1234,5
1105,Perry County,AL,209,1
1107,Pickens County,AL,258,6
1109,Pike County,AL,465,5
1111,Randolph County,AL,246,9
1113,Russell County,AL,664,0
1115,St. Clair County,AL,481,2
1117,Shelby County,AL,1535,24
1119,Sumter County,AL,286,12
1121,Talladega County,AL,361,8
1123,Tallapoosa County,AL,625,70
1125,Tuscaloosa County,AL,2566,50
1127,Walker County,AL,1066,27
1129,Washington County,AL,130,7
1131,Wilcox County,AL,299,8
1133,Winston County,AL,293,3
2013,Aleutians East Borough,AK,0,0
2016,Aleutians West Census Area,AK,0,0
2020,Municipality of Anchorage,AK,619,6
2050,Bethel Census Area,AK,6,0
2060,Bristol Bay Borough,AK,0,0
2068,Denali Borough,AK,0,0
2070,Dillingham Census Area,AK,0,0
2090,Fairbanks North Star Borough,AK,185,2
2100,Haines Borough,AK,2,0
2105,Hoonah-Angoon Census Area,AK,0,0
2110,City and Borough of Juneau,AK,46,0
2122,Kenai Peninsula Borough,AK,182,2
2130,Ketchikan Gateway Borough,AK,21,0
2150,Kodiak Island Borough,AK,3,0
2158,Kusilvak Census Area,AK,0,0
2164,Lake and Peninsula Borough,AK,0,0
2170,Matanuska-Susitna Borough,AK,127,1
2180,Nome Census Area,AK,5,0
2185,North Slope Borough,AK,4,0
2188,Northwest Arctic Borough,AK,4,0
2195,Petersburg Census Area,AK,4,1
2198,Prince of Wales-Hyder Census Area,AK,2,0
2220,Sitka City and Borough,AK,11,0
2230,Skagway Municipality,AK,0,0
2240,Southeast Fairbanks Census Area,AK,3,0
2261,Valdez-Cordova Census Area,AK,0,0
2270,Wade Hampton Census Area,AK,0,0
2275,Wrangell City and Borough,AK,3,0
2282,Yakutat City and Borough,AK,0,0
2290,Yukon-Koyukuk Census Area,AK,2,0
4001,Apache County,AZ,2520,101
4003,Cochise County,AZ,905,20
4005,Coconino County,AZ,2338,97
4007,Gila County,AZ,385,11
4009,Graham County,AZ,180,2
4011,Greenlee County,AZ,27,1
4012,La Paz County,AZ,384,7
4013,Maricopa County,AZ,73165,1012
4015,Mohave County,AZ,1595,96
4017,Navajo County,AZ,4150,134
4019,Pima County,AZ,10835,313
4021,Pinal County,AZ,5156,82
4023,Santa Cruz County,AZ,2095,27
4025,Yavapai County,AZ,1037,11
4027,Yuma County,AZ,7899,124
5001,Arkansas County,AR,51,0
5003,Ashley County,AR,90,2
5005,Baxter County,AR,26,0
5007,Benton County,AR,3270,22
5009,Boone County,AR,42,1
5011,Bradley County,AR,58,2
5013,Calhoun County,AR,2,0
5015,Carroll County,AR,212,5
5017,Chicot County,AR,201,3
5019,Clark County,AR,66,0
5021,Clay County,AR,77,3
5023,Cleburne County,AR,124,4
5025,Cleveland County,AR,31,0
5027,Columbia County,AR,103,5
5029,Conway County,AR,84,3
5031,Craighead County,AR,514,7
5033,Crawford County,AR,247,1
5035,Crittenden County,AR,815,13
5037,Cross County,AR,93,1
5039,Dallas County,AR,10,0
5041,Desha County,AR,71,1
5043,Drew County,AR,85,2
5045,Faulkner County,AR,701,3
5047,Franklin County,AR,28,1
5049,Fulton County,AR,17,0
5051,Garland County,AR,303,3
5053,Grant County,AR,51,0
5055,Greene County,AR,141,0
5057,Hempstead County,AR,70,1
5059,Hot Spring County,AR,743,1
5061,Howard County,AR,121,1
5063,Independence County,AR,66,0
5065,Izard County,AR,24,0
5067,Jackson County,AR,38,0
5069,Jefferson County,AR,808,28
5071,Johnson County,AR,339,0
5073,Lafayette County,AR,24,2
5075,Lawrence County,AR,111,9
5077,Lee County,AR,817,3
5079,Lincoln County,AR,1046,11
5081,Little River County,AR,40,0
5083,Logan County,AR,65,0
5085,Lonoke County,AR,182,1
5087,Madison County,AR,214,0
5089,Marion County,AR,12,0
5091,Miller County,AR,237,2
5093,Mississippi County,AR,275,3
5095,Monroe County,AR,19,0
5097,Montgomery County,AR,7,0
5099,Nevada County,AR,107,3
5101,Newton County,AR,7,0
5103,Ouachita County,AR,29,0
5105,Perry County,AR,32,0
5107,Phillips County,AR,165,5
5109,Pike County,AR,19,0
5111,Poinsett County,AR,64,3
5113,Polk County,AR,84,0
5115,Pope County,AR,585,4
5117,Prairie County,AR,26,0
5119,Pulaski County,AR,2713,63
5121,Randolph County,AR,61,1
5123,St. Francis County,AR,898,3
5125,Saline County,AR,420,3
5127,Scott County,AR,16,0
5129,Searcy County,AR,16,0
5131,Sebastian County,AR,705,7
5133,Sevier County,AR,781,9
5135,Sharp County,AR,61,5
5137,Stone County,AR,19,1
5139,Union County,AR,266,13
5141,Van Buren County,AR,35,2
5143,Washington County,AR,4309,35
5145,White County,AR,115,2
5147,Woodruff County,AR,10,0
5149,Yell County,AR,799,5
6000,Grand Princess Cruise Ship,CA,21,0
6001,Alameda County,CA,7407,146
6003,Alpine County,CA,2,0
6005,Amador County,CA,36,0
6007,Butte County,CA,319,4
6009,Calaveras County,CA,42,0
6011,Colusa County,CA,103,0
6013,Contra Costa County,CA,4357,88
6015,Del Norte County,CA,58,0
6017,El Dorado County,CA,292,0
6019,Fresno County,CA,7627,87
6021,Glenn County,CA,159,0
6023,Humboldt County,CA,161,4
6025,Imperial County,CA,7654,127
6027,Inyo County,CA,34,1
6029,Kern County,CA,5979,89
6031,Kings County,CA,2823,38
6033,Lake County,CA,101,1
6035,Lassen County,CA,34,0
6037,Los Angeles County,CA,124738,3689
6039,Madera County,CA,857,8
6041,Marin County,CA,2965,23
6043,Mariposa County,CA,31,1
6045,Mendocino County,CA,107,0
6047,Merced County,CA,1793,12
6049,Modoc County,CA,0,0
6051,Mono County,CA,49,1
6053,Monterey County,CA,2343,17
6055,Napa County,CA,466,4
6057,Nevada County,CA,159,1
6059,Orange County,CA,21517,402
6061,Placer County,CA,993,11
6063,Plumas County,CA,11,0
6065,Riverside County,CA,23334,533
6067,Sacramento County,CA,4932,78
6069,San Benito County,CA,311,2
6071,San Bernardino County,CA,17414,304
6073,San Diego County,CA,18402,415
6075,San Francisco County,CA,4145,50
6077,San Joaquin County,CA,6065,67
6079,San Luis Obispo County,CA,877,4
6081,San Mateo County,CA,3787,111
6083,Santa Barbara County,CA,3868,29
6085,Santa Clara County,CA,5678,166
6087,Santa Cruz County,CA,506,3
6089,Shasta County,CA,176,5
6091,Sierra County,CA,1,0
6093,Siskiyou County,CA,33,0
6095,Solano County,CA,1985,27
6097,Sonoma County,CA,1519,14
6099,Stanislaus County,CA,3004,50
6101,Sutter County,CA,323,4
6103,Tehama County,CA,98,1
6105,Trinity County,CA,2,0
6107,Tulare County,CA,5509,148
6109,Tuolumne County,CA,60,0
6111,Ventura County,CA,4093,53
6113,Yolo County,CA,802,28
6115,Yuba County,CA,154,3
8001,Adams County,CO,4588,156
8003,Alamosa County,CO,204,6
8005,Arapahoe County,CO,5510,349
8007,Archuleta County,CO,12,0
8009,Baca County,CO,14,0
8011,Bent County,CO,4,0
8013,Boulder County,CO,1486,72
8014,Broomfield County and City,CO,333,30
8015,Chaffee County,CO,81,19
8017,Cheyenne County,CO,5,0
8019,Clear Creek County,CO,21,1
8021,Conejos County,CO,15,0
8023,Costilla County,CO,22,0
8025,Crowley County,CO,71,1
8027,Custer County,CO,3,0
8029,Delta County,CO,83,1
8031,Denver County,CO,7651,386
8033,Dolores County,CO,0,0
8035,Douglas County,CO,1078,52
8037,Eagle County,CO,738,8
8039,Elbert County,CO,60,2
8041,El Paso County,CO,2804,110
8043,Fremont County,CO,41,0
8045,Garfield County,CO,349,3
8047,Gilpin County,CO,8,0
8049,Grand County,CO,23,1
8051,Gunnison County,CO,190,6
8053,Hinsdale County,CO,3,0
8055,Huerfano County,CO,4,1
8057,Jackson County,CO,2,0
8059,Jefferson County,CO,2922,214
8061,Kiowa County,CO,0,0
8063,Kit Carson County,CO,35,3
8065,Lake County,CO,52,0
8067,La Plata County,CO,130,1
8069,Larimer County,CO,869,30
8071,Las Animas County,CO,9,0
8073,Lincoln County,CO,4,0
8075,Logan County,CO,640,5
8077,Mesa County,CO,129,0
8079,Mineral County,CO,15,0
8081,Moffat County,CO,14,0
8083,Montezuma County,CO,76,3
8085,Montrose County,CO,214,12
8087,Morgan County,CO,655,46
8089,Otero County,CO,22,1
8091,Ouray County,CO,12,1
8093,Park County,CO,32,0
8095,Phillips County,CO,16,0
8097,Pitkin County,CO,117,2
8099,Prowers County,CO,33,0
8101,Pueblo County,CO,417,30
8103,Rio Blanco County,CO,4,0
8105,Rio Grande County,CO,80,2
8107,Routt County,CO,79,6
8109,Saguache County,CO,103,2
8111,San Juan County,CO,2,0
8113,San Miguel County,CO,43,0
8115,Sedgwick County,CO,0,0
8117,Summit County,CO,289,4
8119,Teller County,CO,53,2
8121,Washington County,CO,46,0
8123,Weld County,CO,2937,138
8125,Yuma County,CO,54,0
9001,Fairfield County,CT,16886,1380
9003,Hartford County,CT,11866,1385
9005,Litchfield County,CT,1510,137
9007,Middlesex County,CT,1334,187
9009,New Haven County,CT,12509,1079
9011,New London County,CT,1319,102
9013,Tolland County,CT,928,64
9015,Windham County,CT,630,14
10001,Kent County,DE,1795,92
10003,New Castle County,DE,5626,249
10005,Sussex County,DE,5008,175
11001,Washington,DC,10743,568
12001,Alachua County,FL,1871,12
12003,Baker County,FL,127,4
12005,Bay County,FL,940,5
12007,Bradford County,FL,113,2
12009,Brevard County,FL,2985,26
12011,Broward County,FL,25102,427
12013,Calhoun County,FL,122,7
12015,Charlotte County,FL,1004,77
12017,Citrus County,FL,469,13
12019,Clay County,FL,1254,34
12021,Collier County,FL,5577,85
12023,Columbia County,FL,421,4
12027,DeSoto County,FL,799,11
12029,Dixie County,FL,95,4
12031,Duval County,FL,11028,74
12033,Escambia County,FL,3332,52
12035,Flagler County,FL,434,5
12037,Franklin County,FL,24,0
12039,Gadsden County,FL,495,7
12041,Gilchrist County,FL,129,0
12043,Glades County,FL,189,1
12045,Gulf County,FL,66,0
12047,Hamilton County,FL,409,2
12049,Hardee County,FL,548,3
12051,Hendry County,FL,1135,27
12053,Hernando County,FL,708,6
12055,Highlands County,FL,473,12
12057,Hillsborough County,FL,16666,182
12059,Holmes County,FL,212,0
12061,Indian River County,FL,1045,18
12063,Jackson County,FL,517,2
12065,Jefferson County,FL,72,4
12067,Lafayette County,FL,49,0
12069,Lake County,FL,2181,26
12071,Lee County,FL,8340,176
12073,Leon County,FL,2047,8
12075,Levy County,FL,235,1
12077,Liberty County,FL,257,1
12079,Madison County,FL,283,4
12081,Manatee County,FL,4266,138
12083,Marion County,FL,1162,12
12085,Martin County,FL,2545,36
12086,Miami-Dade County,FL,55961,1092
12087,Monroe County,FL,445,6
12089,Nassau County,FL,405,2
12091,Okaloosa County,FL,1015,10
12093,Okeechobee County,FL,459,0
12095,Orange County,FL,15595,69
12097,Osceola County,FL,3466,31
12099,Palm Beach County,FL,18656,578
12101,Pasco County,FL,3330,27
12103,Pinellas County,FL,9826,221
12105,Polk County,FL,6206,127
12107,Putnam County,FL,619,7
12109,St. Johns County,FL,1632,9
12111,St. Lucie County,FL,2483,59
12113,Santa Rosa County,FL,1033,10
12115,Sarasota County,FL,2431,100
12117,Seminole County,FL,3806,21
12119,Sumter County,FL,549,18
12121,Suwannee County,FL,686,21
12123,Taylor County,FL,116,1
12125,Union County,FL,101,2
12127,Volusia County,FL,3234,67
12129,Wakulla County,FL,102,1
12131,Walton County,FL,434,9
12133,Washington County,FL,140,13
13001,Appling County,GA,315,14
13003,Atkinson County,GA,186,2
13005,Bacon County,GA,293,5
13007,Baker County,GA,43,3
13009,Baldwin County,GA,624,34
13011,Banks County,GA,148,1
13013,Barrow County,GA,599,25
13015,Bartow County,GA,864,42
13017,Ben Hill County,GA,216,1
13019,Berrien County,GA,162,0
13021,Bibb County,GA,1587,41
13023,Bleckley County,GA,82,1
13025,Brantley County,GA,126,3
13027,Brooks County,GA,204,11
13029,Bryan County,GA,217,5
13031,Bulloch County,GA,575,5
13033,Burke County,GA,165,7
13035,Butts County,GA,330,34
13037,Calhoun County,GA,167,6
13039,Camden County,GA,245,2
13043,Candler County,GA,77,0
13045,Carroll County,GA,958,40
13047,Catoosa County,GA,348,8
13049,Charlton County,GA,85,2
13051,Chatham County,GA,2163,38
13053,Chattahoochee County,GA,458,0
13055,Chattooga County,GA,80,2
13057,Cherokee County,GA,1651,47
13059,Clarke County,GA,871,15
13061,Clay County,GA,56,2
13063,Clayton County,GA,2607,81
13065,Clinch County,GA,114,3
13067,Cobb County,GA,6460,249
13069,Coffee County,GA,852,17
13071,Colquitt County,GA,1220,19
13073,Columbia County,GA,769,12
13075,Cook County,GA,225,3
13077,Coweta County,GA,834,16
13079,Crawford County,GA,56,0
13081,Crisp County,GA,300,13
13083,Dade County,GA,78,1
13085,Dawson County,GA,167,3
13087,Decatur County,GA,294,8
13089,DeKalb County,GA,7555,176
13091,Dodge County,GA,136,2
13093,Dooly County,GA,218,12
13095,Dougherty County,GA,2060,155
13097,Douglas County,GA,1304,39
13099,Early County,GA,295,31
13101,Echols County,GA,191,0
13103,Effingham County,GA,227,1
13105,Elbert County,GA,150,0
13107,Emanuel County,GA,184,3
13109,Evans County,GA,39,0
13111,Fannin County,GA,121,1
13113,Fayette County,GA,484,19
13115,Floyd County,GA,682,15
13117,Forsyth County,GA,1076,15
13119,Franklin County,GA,244,1
13121,Fulton County,GA,9784,317
13123,Gilmer County,GA,225,2
13125,Glascock County,GA,14,0
13127,Glynn County,GA,1365,9
13129,Gordon County,GA,486,18
13131,Grady County,GA,247,4
13133,Greene County,GA,111,9
13135,Gwinnett County,GA,10565,178
13137,Habersham County,GA,748,39
13139,Hall County,GA,3678,63
13141,Hancock County,GA,225,33
13143,Haralson County,GA,101,5
13145,Harris County,GA,412,11
13147,Hart County,GA,95,0
13149,Heard County,GA,79,3
13151,Henry County,GA,1638,33
13153,Houston County,GA,926,30
13155,Irwin County,GA,93,1
13157,Jackson County,GA,491,10
13159,Jasper County,GA,83,1
13161,Jeff Davis County,GA,143,3
13163,Jefferson County,GA,168,2
13165,Jenkins County,GA,136,12
13167,Johnson County,GA,118,2
13169,Jones County,GA,131,0
13171,Lamar County,GA,143,6
13173,Lanier County,GA,160,3
13175,Laurens County,GA,318,1
13177,Lee County,GA,417,22
13179,Liberty County,GA,180,1
13181,Lincoln County,GA,59,1
13183,Long County,GA,59,1
13185,Lowndes County,GA,1763,15
13187,Lumpkin County,GA,159,4
13189,McDuffie County,GA,139,7
13191,McIntosh County,GA,71,1
13193,Macon County,GA,133,9
13195,Madison County,GA,147,4
13197,Marion County,GA,94,2
13199,Meriwether County,GA,234,3
13201,Miller County,GA,56,0
13205,Mitchell County,GA,481,40
13207,Monroe County,GA,223,19
13209,Montgomery County,GA,51,0
13211,Morgan County,GA,71,0
13213,Murray County,GA,280,2
13215,Muscogee County,GA,2459,55
13217,Newton County,GA,837,14
13219,Oconee County,GA,216,11
13221,Oglethorpe County,GA,102,7
13223,Paulding County,GA,802,16
13225,Peach County,GA,142,9
13227,Pickens County,GA,110,5
13229,Pierce County,GA,236,5
13231,Pike County,GA,110,3
13233,Polk County,GA,293,1
13235,Pulaski County,GA,59,2
13237,Putnam County,GA,203,12
13239,Quitman County,GA,20,1
13241,Rabun County,GA,63,3
13243,Randolph County,GA,210,25
13245,Richmond County,GA,1464,59
13247,Rockdale County,GA,635,10
13249,Schley County,GA,28,1
13251,Screven County,GA,106,7
13253,Seminole County,GA,54,2
13255,Spalding County,GA,529,33
13257,Stephens County,GA,302,6
13259,Stewart County,GA,209,3
13261,Sumter County,GA,598,50
13263,Talbot County,GA,88,3
13265,Taliaferro County,GA,2,0
13267,Tattnall County,GA,176,0
13269,Taylor County,GA,34,2
13271,Telfair County,GA,164,3
13273,Terrell County,GA,238,28
13275,Thomas County,GA,571,32
13277,Tift County,GA,941,27
13279,Toombs County,GA,311,5
13281,Towns County,GA,64,1
13283,Treutlen County,GA,45,1
13285,Troup County,GA,1709,38
13287,Turner County,GA,188,17
13289,Twiggs County,GA,40,1
13291,Union County,GA,96,3
13293,Upson County,GA,384,45
13295,Walker County,GA,367,12
13297,Walton County,GA,515,28
13299,Ware County,GA,589,16
13301,Warren County,GA,30,0
13303,Washington County,GA,171,1
13305,Wayne County,GA,133,0
13307,Webster County,GA,31,2
13309,Wheeler County,GA,56,0
13311,White County,GA,166,4
13313,Whitfield County,GA,1674,15
13315,Wilcox County,GA,133,15
13317,Wilkes County,GA,87,1
13319,Wilkinson County,GA,108,9
13321,Worth County,GA,346,22
15001,Hawaii County,HI,97,0
15003,Honolulu County,HI,842,13
15005,Kalawao County,HI,0,0
15007,Kauai County,HI,43,0
15009,Maui County,HI,130,6
16001,Ada County,ID,3596,24
16003,Adams County,ID,12,0
16005,Bannock County,ID,134,1
16007,Bear Lake County,ID,2,0
16009,Benewah County,ID,23,0
16011,Bingham County,ID,69,1
16013,Blaine County,ID,546,5
16015,Boise County,ID,7,0
16017,Bonner County,ID,54,0
16019,Bonneville County,ID,164,1
16021,Boundary County,ID,2,0
16023,Butte County,ID,0,0
16025,Camas County,ID,1,0
16027,Canyon County,ID,1665,10
16029,Caribou County,ID,15,0
16031,Cassia County,ID,307,1
16033,Clark County,ID,0,0
16035,Clearwater County,ID,5,0
16037,Custer County,ID,4,0
16039,Elmore County,ID,82,2
16041,Franklin County,ID,31,0
16043,Fremont County,ID,9,0
16045,Gem County,ID,44,0
16047,Gooding County,ID,79,1
16049,Idaho County,ID,11,0
16051,Jefferson County,ID,21,0
16053,Jerome County,ID,280,5
16055,Kootenai County,ID,559,1
16057,Latah County,ID,34,0
16059,Lemhi County,ID,2,0
16061,Lewis County,ID,0,0
16063,Lincoln County,ID,40,0
16065,Madison County,ID,48,0
16067,Minidoka County,ID,250,0
16069,Nez Perce County,ID,108,19
16071,Oneida County,ID,5,0
16073,Owyhee County,ID,72,0
16075,Payette County,ID,154,2
16077,Power County,ID,19,0
16079,Shoshone County,ID,7,0
16081,Teton County,ID,26,0
16083,Twin Falls County,ID,788,25
16085,Valley County,ID,23,0
16087,Washington County,ID,129,2
17001,Adams County,IL,142,1
17003,Alexander County,IL,22,0
17005,Bond County,IL,19,1
17007,Boone County,IL,629,21
17009,Brown County,IL,10,0
17011,Bureau County,IL,31,2
17013,Calhoun County,IL,1,0
17015,Carroll County,IL,20,2
17017,Cass County,IL,136,7
17019,Champaign County,IL,1010,17
17021,Christian County,IL,48,4
17023,Clark County,IL,21,0
17025,Clay County,IL,2,0
17027,Clinton County,IL,244,16
17029,Coles County,IL,188,17
17031,Cook County,IL,94005,4676
17033,Crawford County,IL,18,0
17035,Cumberland County,IL,24,0
17037,DeKalb County,IL,602,20
17039,De Witt County,IL,16,0
17041,Douglas County,IL,55,0
17043,DuPage County,IL,9502,483
17045,Edgar County,IL,16,0
17047,Edwards County,IL,2,0
17049,Effingham County,IL,20,1
17051,Fayette County,IL,23,3
17053,Ford County,IL,42,1
17055,Franklin County,IL,40,0
17057,Fulton County,IL,16,0
17059,Gallatin County,IL,4,0
17061,Greene County,IL,8,0
17063,Grundy County,IL,187,5
17065,Hamilton County,IL,7,0
17067,Hancock County,IL,19,1
17069,Hardin County,IL,1,0
17071,Henderson County,IL,8,0
17073,Henry County,IL,103,1
17075,Iroquois County,IL,170,5
17077,Jackson County,IL,345,19
17079,Jasper County,IL,47,7
17081,Jefferson County,IL,113,17
17083,Jersey County,IL,38,1
17085,Jo Daviess County,IL,49,1
17087,Johnson County,IL,23,0
17089,Kane County,IL,7971,281
17091,Kankakee County,IL,1344,65
17093,Kendall County,IL,1024,21
17095,Knox County,IL,152,0
17097,Lake County,IL,10175,427
17099,LaSalle County,IL,239,17
17101,Lawrence County,IL,8,0
17103,Lee County,IL,104,1
17105,Livingston County,IL,54,2
17107,Logan County,IL,18,0
17109,McDonough County,IL,103,15
17111,McHenry County,IL,2208,100
17113,McLean County,IL,301,15
17115,Macon County,IL,242,22
17117,Macoupin County,IL,62,3
17119,Madison County,IL,1095,70
17121,Marion County,IL,77,0
17123,Marshall County,IL,12,0
17125,Mason County,IL,23,0
17127,Massac County,IL,15,0
17129,Menard County,IL,28,0
17131,Mercer County,IL,28,0
17133,Monroe County,IL,147,13
17135,Montgomery County,IL,64,1
17137,Morgan County,IL,132,3
17139,Moultrie County,IL,19,0
17141,Ogle County,IL,283,4
17143,Peoria County,IL,609,29
17145,Perry County,IL,60,1
17147,Piatt County,IL,21,0
17149,Pike County,IL,5,0
17151,Pope County,IL,1,0
17153,Pulaski County,IL,79,0
17155,Putnam County,IL,1,0
17157,Randolph County,IL,292,7
17159,Richland County,IL,8,0
17161,Rock Island County,IL,1107,30
17163,St. Clair County,IL,2128,144
17165,Saline County,IL,11,0
17167,Sangamon County,IL,493,33
17169,Schuyler County,IL,13,0
17171,Scott County,IL,1,0
17173,Shelby County,IL,20,1
17175,Stark County,IL,6,0
17177,Stephenson County,IL,282,6
17179,Tazewell County,IL,164,8
17181,Union County,IL,196,19
17183,Vermilion County,IL,85,2
17185,Wabash County,IL,23,0
17187,Warren County,IL,147,0
17189,Washington County,IL,25,0
17191,Wayne County,IL,15,1
17193,White County,IL,8,0
17195,Whiteside County,IL,203,15
17197,Will County,IL,7120,322
17199,Williamson County,IL,139,4
17201,Winnebago County,IL,3143,101
17203,Woodford County,IL,41,2
18001,Adams County,IN,49,1
18003,Allen County,IN,2867,133
18005,Bartholomew County,IN,591,45
18007,Benton County,IN,48,0
18009,Blackford County,IN,39,2
18011,Boone County,IN,454,43
18013,Brown County,IN,42,1
18015,Carroll County,IN,110,2
18017,Cass County,IN,1643,9
18019,Clark County,IN,668,44
18021,Clay County,IN,60,4
18023,Clinton County,IN,290,2
18025,Crawford County,IN,32,0
18027,Daviess County,IN,148,17
18029,Dearborn County,IN,238,23
18031,Decatur County,IN,254,32
18033,DeKalb County,IN,163,4
18035,Delaware County,IN,452,52
18037,Dubois County,IN,288,6
18039,Elkhart County,IN,3432,55
18041,Fayette County,IN,103,7
18043,Floyd County,IN,384,44
18045,Fountain County,IN,32,2
18047,Franklin County,IN,126,8
18049,Fulton County,IN,72,1
18051,Gibson County,IN,98,2
18053,Grant County,IN,296,26
18055,Greene County,IN,190,32
18057,Hamilton County,IN,1608,101
18059,Hancock County,IN,452,36
18061,Harrison County,IN,216,22
18063,Hendricks County,IN,1425,100
18065,Henry County,IN,282,16
18067,Howard County,IN,580,58
18069,Huntington County,IN,78,2
18071,Jackson County,IN,473,3
18073,Jasper County,IN,123,2
18075,Jay County,IN,68,0
18077,Jefferson County,IN,76,2
18079,Jennings County,IN,177,12
18081,Johnson County,IN,1296,118
18083,Knox County,IN,64,0
18085,Kosciusko County,IN,562,4
18087,LaGrange County,IN,477,9
18089,Lake County,IN,5337,246
18091,LaPorte County,IN,583,26
18093,Lawrence County,IN,248,25
18095,Madison County,IN,667,64
18097,Marion County,IN,11812,689
18099,Marshall County,IN,501,6
18101,Martin County,IN,22,0
18103,Miami County,IN,186,2
18105,Monroe County,IN,309,28
18107,Montgomery County,IN,297,20
18109,Morgan County,IN,327,31
18111,Newton County,IN,99,10
18113,Noble County,IN,485,28
18115,Ohio County,IN,18,0
18117,Orange County,IN,136,23
18119,Owen County,IN,50,1
18121,Parke County,IN,24,0
18123,Perry County,IN,135,9
18125,Pike County,IN,11,0
18127,Porter County,IN,767,38
18129,Posey County,IN,45,0
18131,Pulaski County,IN,66,1
18133,Putnam County,IN,170,8
18135,Randolph County,IN,79,4
18137,Ripley County,IN,124,7
18139,Rush County,IN,58,3
18141,St. Joseph County,IN,2025,69
18143,Scott County,IN,162,8
18145,Shelby County,IN,431,25
18147,Spencer County,IN,44,1
18149,Starke County,IN,94,3
18151,Steuben County,IN,130,2
18153,Sullivan County,IN,45,1
18155,Switzerland County,IN,28,0
18157,Tippecanoe County,IN,735,9
18159,Tipton County,IN,31,1
18161,Union County,IN,13,0
18163,Vanderburgh County,IN,587,6
18165,Vermillion County,IN,14,0
18167,Vigo County,IN,238,8
18169,Wabash County,IN,114,2
18171,Warren County,IN,14,1
18173,Warrick County,IN,227,29
18175,Washington County,IN,67,1
18177,Wayne County,IN,143,6
18179,Wells County,IN,75,1
18181,White County,IN,266,10
18183,Whitley County,IN,97,5
19001,Adair County,IA,16,0
19003,Adams County,IA,8,0
19005,Allamakee County,IA,135,4
19007,Appanoose County,IA,21,3
19009,Audubon County,IA,16,1
19011,Benton County,IA,71,1
19013,Black Hawk County,IA,2395,58
19015,Boone County,IA,158,1
19017,Bremer County,IA,102,7
19019,Buchanan County,IA,61,1
19021,Buena Vista County,IA,1725,11
19023,Butler County,IA,60,2
19025,Calhoun County,IA,57,2
19027,Carroll County,IA,104,1
19029,Cass County,IA,27,0
19031,Cedar County,IA,86,1
19033,Cerro Gordo County,IA,220,1
19035,Cherokee County,IA,81,1
19037,Chickasaw County,IA,29,0
19039,Clarke County,IA,137,3
19041,Clay County,IA,143,1
19043,Clayton County,IA,46,3
19045,Clinton County,IA,120,1
19047,Crawford County,IA,679,3
19049,Dallas County,IA,1330,31
19051,Davis County,IA,42,1
19053,Decatur County,IA,12,0
19055,Delaware County,IA,54,1
19057,Des Moines County,IA,95,2
19059,Dickinson County,IA,286,3
19061,Dubuque County,IA,828,22
19063,Emmet County,IA,92,0
19065,Fayette County,IA,53,0
19067,Floyd County,IA,76,2
19069,Franklin County,IA,100,0
19071,Fremont County,IA,8,0
19073,Greene County,IA,29,0
19075,Grundy County,IA,42,0
19077,Guthrie County,IA,72,4
19079,Hamilton County,IA,192,1
19081,Hancock County,IA,56,1
19083,Hardin County,IA,87,0
19085,Harrison County,IA,56,0
19087,Henry County,IA,89,3
19089,Howard County,IA,37,0
19091,Humboldt County,IA,58,1
19093,Ida County,IA,23,0
19095,Iowa County,IA,61,1
19097,Jackson County,IA,47,0
19099,Jasper County,IA,332,17
19101,Jefferson County,IA,62,0
19103,Johnson County,IA,1373,8
19105,Jones County,IA,66,0
19107,Keokuk County,IA,20,1
19109,Kossuth County,IA,39,0
19111,Lee County,IA,54,2
19113,Linn County,IA,1333,82
19115,Louisa County,IA,363,13
19117,Lucas County,IA,31,4
19119,Lyon County,IA,48,0
19121,Madison County,IA,50,2
19123,Mahaska County,IA,118,17
19125,Marion County,IA,74,0
19127,Marshall County,IA,1065,19
19129,Mills County,IA,44,0
19131,Mitchell County,IA,43,0
19133,Monona County,IA,77,0
19135,Monroe County,IA,51,7
19137,Montgomery County,IA,11,2
19139,Muscatine County,IA,676,44
19141,O'Brien County,IA,92,1
19143,Osceola County,IA,64,0
19145,Page County,IA,20,0
19147,Palo Alto County,IA,45,0
19149,Plymouth County,IA,333,5
19151,Pocahontas County,IA,104,1
19153,Polk County,IA,6959,182
19155,Pottawattamie County,IA,764,12
19157,Poweshiek County,IA,107,8
19159,Ringgold County,IA,15,1
19161,Sac County,IA,65,0
19163,Scott County,IA,915,10
19165,Shelby County,IA,117,0
19167,Sioux County,IA,491,0
19169,Story County,IA,823,4
19171,Tama County,IA,477,29
19173,Taylor County,IA,81,0
19175,Union County,IA,36,0
19177,Van Buren County,IA,21,0
19179,Wapello County,IA,712,31
19181,Warren County,IA,299,1
19183,Washington County,IA,248,9
19185,Wayne County,IA,10,0
19187,Webster County,IA,276,4
19189,Winnebago County,IA,31,0
19191,Winneshiek County,IA,43,0
19193,Woodbury County,IA,3281,44
19195,Worth County,IA,21,0
19197,Wright County,IA,389,1
20001,Allen County,KS,5,0
20003,Anderson County,KS,6,0
20005,Atchison County,KS,42,0
20007,Barber County,KS,2,0
20009,Barton County,KS,57,2
20011,Bourbon County,KS,36,1
20013,Brown County,KS,12,0
20015,Butler County,KS,78,0
20017,Chase County,KS,5,0
20019,Chautauqua County,KS,5,0
20021,Cherokee County,KS,43,1
20023,Cheyenne County,KS,2,0
20025,Clark County,KS,34,0
20027,Clay County,KS,9,1
20029,Cloud County,KS,25,0
20031,Coffey County,KS,53,8
20033,Comanche County,KS,3,0
20035,Cowley County,KS,77,1
20037,Crawford County,KS,294,1
20039,Decatur County,KS,0,0
20041,Dickinson County,KS,12,0
20043,Doniphan County,KS,27,0
20045,Douglas County,KS,377,0
20047,Edwards County,KS,7,0
20049,Elk County,KS,1,0
20051,Ellis County,KS,35,0
20053,Ellsworth County,KS,11,0
20055,Finney County,KS,1595,10
20057,Ford County,KS,2021,10
20059,Franklin County,KS,80,1
20061,Geary County,KS,101,1
20063,Gove County,KS,2,0
20065,Graham County,KS,3,0
20067,Grant County,KS,51,2
20069,Gray County,KS,28,0
20071,Greeley County,KS,0,0
20073,Greenwood County,KS,11,0
20075,Hamilton County,KS,35,0
20077,Harper County,KS,2,0
20079,Harvey County,KS,55,2
20081,Haskell County,KS,30,0
20083,Hodgeman County,KS,9,0
20085,Jackson County,KS,117,1
20087,Jefferson County,KS,33,0
20089,Jewell County,KS,4,0
20091,Johnson County,KS,2633,92
20093,Kearny County,KS,48,1
20095,Kingman County,KS,1,0
20097,Kiowa County,KS,3,0
20099,Labette County,KS,64,0
20101,Lane County,KS,5,0
20103,Leavenworth County,KS,1200,7
20105,Lincoln County,KS,1,0
20107,Linn County,KS,16,0
20109,Logan County,KS,1,0
20111,Lyon County,KS,501,7
20113,McPherson County,KS,86,0
20115,Marion County,KS,15,1
20117,Marshall County,KS,2,0
20119,Meade County,KS,30,0
20121,Miami County,KS,52,0
20123,Mitchell County,KS,5,0
20125,Montgomery County,KS,53,3
20127,Morris County,KS,5,0
20129,Morton County,KS,7,2
20131,Nemaha County,KS,29,0
20133,Neosho County,KS,34,0
20135,Ness County,KS,4,0
20137,Norton County,KS,11,0
20139,Osage County,KS,22,0
20141,Osborne County,KS,3,0
20143,Ottawa County,KS,12,0
20145,Pawnee County,KS,4,0
20147,Phillips County,KS,27,0
20149,Pottawatomie County,KS,83,0
20151,Pratt County,KS,12,0
20153,Rawlins County,KS,0,0
20155,Reno County,KS,101,0
20157,Republic County,KS,11,0
20159,Rice County,KS,4,0
20161,Riley County,KS,301,3
20163,Rooks County,KS,9,0
20165,Rush County,KS,2,0
20167,Russell County,KS,1,0
20169,Saline County,KS,169,2
20171,Scott County,KS,16,0
20173,Sedgwick County,KS,1922,28
20175,Seward County,KS,1048,2
20177,Shawnee County,KS,878,13
20179,Sheridan County,KS,5,0
20181,Sherman County,KS,7,0
20183,Smith County,KS,3,0
20185,Stafford County,KS,1,0
20187,Stanton County,KS,12,0
20189,Stevens County,KS,32,0
20191,Sumner County,KS,17,1
20193,Thomas County,KS,17,0
20195,Trego County,KS,2,0
20197,Wabaunsee County,KS,38,0
20199,Wallace County,KS,0,0
20201,Washington County,KS,1,0
20203,Wichita County,KS,0,0
20205,Wilson County,KS,4,0
20207,Woodson County,KS,9,0
20209,Wyandotte County,KS,2790,87
21001,Adair County,KY,131,19
21003,Allen County,KY,183,7
21005,Anderson County,KY,30,1
21007,Ballard County,KY,15,0
21009,Barren County,KY,107,2
21011,Bath County,KY,18,1
21013,Bell County,KY,69,0
21015,Boone County,KY,683,23
21017,Bourbon County,KY,37,1
21019,Boyd County,KY,73,3
21021,Boyle County,KY,43,0
21023,Bracken County,KY,17,0
21025,Breathitt County,KY,12,0
21027,Breckinridge County,KY,28,2
21029,Bullitt County,KY,166,4
21031,Butler County,KY,262,14
21033,Caldwell County,KY,29,0
21035,Calloway County,KY,102,1
21037,Campbell County,KY,307,13
21039,Carlisle County,KY,9,1
21041,Carroll County,KY,65,1
21043,Carter County,KY,32,0
21045,Casey County,KY,33,1
21047,Christian County,KY,248,4
21049,Clark County,KY,104,6
21051,Clay County,KY,80,3
21053,Clinton County,KY,6,0
21055,Crittenden County,KY,11,1
21057,Cumberland County,KY,6,0
21059,Daviess County,KY,483,8
21061,Edmonson County,KY,75,12
21063,Elliott County,KY,3,0
21065,Estill County,KY,5,0
21067,Fayette County,KY,1736,30
21069,Fleming County,KY,25,0
21071,Floyd County,KY,38,0
21073,Franklin County,KY,156,4
21075,Fulton County,KY,25,1
21077,Gallatin County,KY,67,7
21079,Garrard County,KY,33,0
21081,Grant County,KY,62,4
21083,Graves County,KY,250,21
21085,Grayson County,KY,143,11
21087,Green County,KY,8,1
21089,Greenup County,KY,40,0
21091,Hancock County,KY,22,0
21093,Hardin County,KY,229,6
21095,Harlan County,KY,33,2
21097,Harrison County,KY,81,0
21099,Hart County,KY,47,0
21101,Henderson County,KY,178,3
21103,Henry County,KY,41,1
21105,Hickman County,KY,7,0
21107,Hopkins County,KY,291,33
21109,Jackson County,KY,115,14
21111,Jefferson County,KY,4395,204
21113,Jessamine County,KY,125,0
21115,Johnson County,KY,10,0
21117,Kenton County,KY,857,37
21119,Knott County,KY,14,0
21121,Knox County,KY,88,5
21123,Larue County,KY,17,1
21125,Laurel County,KY,165,3
21127,Lawrence County,KY,11,0
21129,Lee County,KY,1,0
21131,Leslie County,KY,11,0
21133,Letcher County,KY,18,0
21135,Lewis County,KY,22,0
21137,Lincoln County,KY,42,1
21139,Livingston County,KY,14,0
21141,Logan County,KY,244,13
21143,Lyon County,KY,21,3
21145,McCracken County,KY,184,3
21147,McCreary County,KY,18,0
21149,McLean County,KY,27,1
21151,Madison County,KY,169,1
21153,Magoffin County,KY,7,0
21155,Marion County,KY,60,0
21157,Marshall County,KY,66,2
21159,Martin County,KY,10,0
21161,Mason County,KY,39,1
21163,Meade County,KY,31,2
21165,Menifee County,KY,13,0
21167,Mercer County,KY,29,0
21169,Metcalfe County,KY,14,2
21171,Monroe County,KY,44,2
21173,Montgomery County,KY,61,0
21175,Morgan County,KY,12,0
21177,Muhlenberg County,KY,532,8
21179,Nelson County,KY,102,2
21181,Nicholas County,KY,11,0
21183,Ohio County,KY,204,0
21185,Oldham County,KY,159,7
21187,Owen County,KY,10,0
21189,Owsley County,KY,3,0
21191,Pendleton County,KY,21,0
21193,Perry County,KY,74,2
21195,Pike County,KY,115,3
21197,Powell County,KY,9,0
21199,Pulaski County,KY,117,2
21201,Robertson County,KY,1,0
21203,Rockcastle County,KY,31,0
21205,Rowan County,KY,24,0
21207,Russell County,KY,58,4
21209,Scott County,KY,113,0
21211,Shelby County,KY,545,17
21213,Simpson County,KY,85,3
21215,Spencer County,KY,41,0
21217,Taylor County,KY,46,1
21219,Todd County,KY,26,0
21221,Trigg County,KY,26,0
21223,Trimble County,KY,9,0
21225,Union County,KY,30,0
21227,Warren County,KY,1685,14
21229,Washington County,KY,28,0
21231,Wayne County,KY,20,0
21233,Webster County,KY,49,0
21235,Whitley County,KY,49,0
21237,Wolfe County,KY,4,0
21239,Woodford County,KY,76,0
22001,Acadia Parish,LA,1166,44
22003,Allen Parish,LA,410,12
22005,Ascension Parish,LA,1480,60
22007,Assumption Parish,LA,404,16
22009,Avoyelles Parish,LA,447,16
22011,Beauregard Parish,LA,291,9
22013,Bienville Parish,LA,254,28
22015,Bossier Parish,LA,1177,36
22017,Caddo Parish,LA,4055,243
22019,Calcasieu Parish,LA,2797,63
22021,Caldwell Parish,LA,118,1
22023,Cameron Parish,LA,93,0
22025,Catahoula Parish,LA,210,3
22027,Claiborne Parish,LA,140,10
22029,Concordia Parish,LA,134,6
22031,De Soto Parish,LA,408,20
22033,East Baton Rouge Parish,LA,6468,276
22035,East Carroll Parish,LA,451,1
22037,East Feliciana Parish,LA,343,33
22039,Evangeline Parish,LA,282,1
22041,Franklin Parish,LA,527,14
22043,Grant Parish,LA,115,2
22045,Iberia Parish,LA,1157,48
22047,Iberville Parish,LA,786,43
22049,Jackson Parish,LA,221,16
22051,Jefferson Parish,LA,10544,489
22053,Jefferson Davis Parish,LA,549,11
22055,Lafayette Parish,LA,3293,50
22057,Lafourche Parish,LA,1422,90
22059,La Salle Parish,LA,115,0
22061,Lincoln Parish,LA,383,19
22063,Livingston Parish,LA,1344,40
22065,Madison Parish,LA,406,3
22067,Morehouse Parish,LA,265,10
22069,Natchitoches Parish,LA,362,14
22071,Orleans Parish,LA,8344,539
22073,Ouachita Parish,LA,2849,84
22075,Plaquemines Parish,LA,294,17
22077,Pointe Coupee Parish,LA,329,28
22079,Rapides Parish,LA,1870,76
22081,Red River Parish,LA,69,9
22083,Richland Parish,LA,249,5
22085,Sabine Parish,LA,157,1
22087,St. Bernard Parish,LA,678,23
22089,St. Charles Parish,LA,834,49
22091,St. Helena Parish,LA,116,1
22093,St. James Parish,LA,432,30
22095,St. John the Baptist Parish,LA,1049,87
22097,St. Landry Parish,LA,944,59
22099,St. Martin Parish,LA,939,27
22101,St. Mary Parish,LA,664,39
22103,St. Tammany Parish,LA,2908,183
22105,Tangipahoa Parish,LA,1742,43
22107,Tensas Parish,LA,30,0
22109,Terrebonne Parish,LA,1415,63
22111,Union Parish,LA,463,27
22113,Vermilion Parish,LA,467,6
22115,Vernon Parish,LA,237,9
22117,Washington Parish,LA,778,48
22119,Webster Parish,LA,490,12
22121,West Baton Rouge Parish,LA,342,31
22123,West Carroll Parish,LA,161,5
22125,West Feliciana Parish,LA,254,14
22127,Winn Parish,LA,273,5
23001,Androscoggin County,ME,501,4
23003,Aroostook County,ME,24,1
23005,Cumberland County,ME,1851,65
23007,Franklin County,ME,41,1
23009,Hancock County,ME,18,1
23011,Kennebec County,ME,145,10
23013,Knox County,ME,25,1
23015,Lincoln County,ME,26,0
23017,Oxford County,ME,44,0
23019,Penobscot County,ME,122,3
23021,Piscataquis County,ME,3,0
23023,Sagadahoc County,ME,34,0
23025,Somerset County,ME,31,0
23027,Waldo County,ME,59,14
23029,Washington County,ME,5,0
23031,York County,ME,563,11
24001,Allegany County,MD,212,18
24003,Anne Arundel County,MD,5391,210
24005,Baltimore County,MD,8497,493
24009,Calvert County,MD,435,27
24011,Caroline County,MD,329,3
24013,Carroll County,MD,1190,114
24015,Cecil County,MD,514,29
24017,Charles County,MD,1483,89
24019,Dorchester County,MD,199,5
24021,Frederick County,MD,2567,120
24023,Garrett County,MD,17,0
24025,Harford County,MD,1225,64
24027,Howard County,MD,2751,92
24029,Kent County,MD,203,23
24031,Montgomery County,MD,15503,754
24033,Prince George's County,MD,19456,700
24035,Queen Anne's County,MD,268,23
24037,St. Mary's County,MD,673,51
24039,Somerset County,MD,94,3
24041,Talbot County,MD,165,4
24043,Washington County,MD,702,29
24045,Wicomico County,MD,1109,41
24047,Worcester County,MD,309,17
24510,Baltimore City,MD,8155,358
25001,Barnstable County,MA,1566,150
25003,Berkshire County,MA,609,45
25005,Bristol County,MA,8399,594
25007,Dukes County,MA,55,0
25009,Essex County,MA,16379,1133
25011,Franklin County,MA,381,56
25013,Hampden County,MA,6932,671
25015,Hampshire County,MA,993,117
25017,Middlesex County,MA,24348,1903
25019,Nantucket County,MA,22,1
25021,Norfolk County,MA,9384,950
25023,Plymouth County,MA,8777,674
25025,Suffolk County,MA,20172,1013
25027,Worcester County,MA,12583,954
26001,Alcona County,MI,24,1
26003,Alger County,MI,4,0
26005,Allegan County,MI,358,6
26007,Alpena County,MI,123,11
26009,Antrim County,MI,24,0
26011,Arenac County,MI,38,2
26013,Baraga County,MI,5,0
26015,Barry County,MI,123,2
26017,Bay County,MI,415,31
26019,Benzie County,MI,11,0
26021,Berrien County,MI,967,60
26023,Branch County,MI,266,2
26025,Calhoun County,MI,594,39
26027,Cass County,MI,179,6
26029,Charlevoix County,MI,30,2
26031,Cheboygan County,MI,27,2
26033,Chippewa County,MI,16,0
26035,Clare County,MI,32,3
26037,Clinton County,MI,279,12
26039,Crawford County,MI,81,5
26041,Delta County,MI,30,3
26043,Dickinson County,MI,16,2
26045,Eaton County,MI,348,7
26047,Emmet County,MI,35,2
26049,Genesee County,MI,2870,290
26051,Gladwin County,MI,27,1
26053,Gogebic County,MI,11,1
26055,Grand Traverse County,MI,78,5
26057,Gratiot County,MI,105,14
26059,Hillsdale County,MI,205,25
26061,Houghton County,MI,27,0
26063,Huron County,MI,73,3
26065,Ingham County,MI,1142,30
26067,Ionia County,MI,205,4
26069,Iosco County,MI,120,11
26071,Iron County,MI,6,1
26073,Isabella County,MI,146,8
26075,Jackson County,MI,535,32
26077,Kalamazoo County,MI,1172,70
26079,Kalkaska County,MI,41,2
26081,Kent County,MI,5575,139
26083,Keweenaw County,MI,1,0
26085,Lake County,MI,12,0
26087,Lapeer County,MI,313,31
26089,Leelanau County,MI,32,0
26091,Lenawee County,MI,258,10
26093,Livingston County,MI,607,28
26095,Luce County,MI,3,0
26097,Mackinac County,MI,9,0
26099,Macomb County,MI,7690,923
26101,Manistee County,MI,25,0
26103,Marquette County,MI,85,11
26105,Mason County,MI,72,0
26107,Mecosta County,MI,34,2
26109,Menominee County,MI,32,0
26111,Midland County,MI,178,9
26113,Missaukee County,MI,34,1
26115,Monroe County,MI,655,21
26117,Montcalm County,MI,120,1
26119,Montmorency County,MI,5,0
26121,Muskegon County,MI,881,53
26123,Newaygo County,MI,189,0
26125,Oakland County,MI,12488,1097
26127,Oceana County,MI,372,4
26129,Ogemaw County,MI,45,2
26131,Ontonagon County,MI,1,0
26133,Osceola County,MI,44,0
26135,Oscoda County,MI,22,1
26137,Otsego County,MI,124,10
26139,Ottawa County,MI,1204,52
26141,Presque Isle County,MI,13,0
26143,Roscommon County,MI,29,0
26145,Saginaw County,MI,1361,124
26147,St. Clair County,MI,599,53
26149,St. Joseph County,MI,368,5
26151,Sanilac County,MI,55,6
26153,Schoolcraft County,MI,7,0
26155,Shiawassee County,MI,283,28
26157,Tuscola County,MI,242,26
26159,Van Buren County,MI,257,9
26161,Washtenaw County,MI,1849,107
26163,Wayne County,MI,23701,2744
26165,Wexford County,MI,52,4
27001,Aitkin County,MN,15,0
27003,Anoka County,MN,2328,108
27005,Becker County,MN,57,0
27007,Beltrami County,MN,41,0
27009,Benton County,MN,228,3
27011,Big Stone County,MN,17,0
27013,Blue Earth County,MN,535,2
27015,Brown County,MN,39,2
27017,Carlton County,MN,89,0
27019,Carver County,MN,433,1
27021,Cass County,MN,19,2
27023,Chippewa County,MN,79,1
27025,Chisago County,MN,103,1
27027,Clay County,MN,598,38
27029,Clearwater County,MN,10,0
27031,Cook County,MN,1,0
27033,Cottonwood County,MN,138,0
27035,Crow Wing County,MN,108,12
27037,Dakota County,MN,2524,94
27039,Dodge County,MN,93,0
27041,Douglas County,MN,67,0
27043,Faribault County,MN,60,0
27045,Fillmore County,MN,30,0
27047,Freeborn County,MN,302,0
27049,Goodhue County,MN,137,8
27051,Grant County,MN,22,0
27053,Hennepin County,MN,12867,789
27055,Houston County,MN,29,0
27057,Hubbard County,MN,8,0
27059,Isanti County,MN,78,0
27061,Itasca County,MN,68,12
27063,Jackson County,MN,57,0
27065,Kanabec County,MN,16,1
27067,Kandiyohi County,MN,584,1
27069,Kittson County,MN,2,0
27071,Koochiching County,MN,17,1
27073,Lac Qui Parle County,MN,4,0
27075,Lake County,MN,6,0
27077,Lake of the Woods County,MN,0,0
27079,Le Sueur County,MN,117,1
27081,Lincoln County,MN,11,0
27083,Lyon County,MN,331,2
27085,McLeod County,MN,96,0
27087,Mahnomen County,MN,10,1
27089,Marshall County,MN,12,0
27091,Martin County,MN,171,5
27093,Meeker County,MN,62,1
27095,Mille Lacs County,MN,34,2
27097,Morrison County,MN,61,1
27099,Mower County,MN,972,2
27101,Murray County,MN,67,0
27103,Nicollet County,MN,187,12
27105,Nobles County,MN,1676,6
27107,Norman County,MN,21,0
27109,Olmsted County,MN,1196,17
27111,Otter Tail County,MN,102,1
27113,Pennington County,MN,53,0
27115,Pine County,MN,111,0
27117,Pipestone County,MN,66,4
27119,Polk County,MN,86,3
27121,Pope County,MN,12,0
27123,Ramsey County,MN,5066,230
27125,Red Lake County,MN,4,0
27127,Redwood County,MN,21,0
27129,Renville County,MN,37,2
27131,Rice County,MN,862,8
27133,Rock County,MN,31,0
27135,Roseau County,MN,19,0
27137,St. Louis County,MN,203,16
27139,Scott County,MN,803,4
27141,Sherburne County,MN,340,5
27143,Sibley County,MN,56,2
27145,Stearns County,MN,2448,19
27147,Steele County,MN,240,1
27149,Stevens County,MN,8,0
27151,Swift County,MN,25,1
27153,Todd County,MN,402,2
27155,Traverse County,MN,6,0
27157,Wabasha County,MN,34,0
27159,Wadena County,MN,16,0
27161,Waseca County,MN,73,0
27163,Washington County,MN,1190,40
27165,Watonwan County,MN,242,0
27167,Wilkin County,MN,21,3
27169,Winona County,MN,133,15
27171,Wright County,MN,505,4
27173,Yellow Medicine County,MN,31,0
28001,Adams County,MS,340,19
28003,Alcorn County,MS,85,2
28005,Amite County,MS,106,3
28007,Attala County,MS,375,23
28009,Benton County,MS,42,0
28011,Bolivar County,MS,380,18
28013,Calhoun County,MS,147,5
28015,Carroll County,MS,173,11
28017,Chickasaw County,MS,292,19
28019,Choctaw County,MS,75,4
28021,Claiborne County,MS,293,10
28023,Clarke County,MS,214,25
28025,Clay County,MS,255,11
28027,Coahoma County,MS,215,6
28029,Copiah County,MS,631,15
28031,Covington County,MS,419,5
28033,DeSoto County,MS,1818,18
28035,Forrest County,MS,939,43
28037,Franklin County,MS,49,2
28039,George County,MS,102,3
28041,Greene County,MS,108,10
28043,Grenada County,MS,535,7
28045,Hancock County,MS,138,13
28047,Harrison County,MS,1040,14
28049,Hinds County,MS,2697,48
28051,Holmes County,MS,573,41
28053,Humphreys County,MS,159,10
28055,Issaquena County,MS,10,1
28057,Itawamba County,MS,141,8
28059,Jackson County,MS,727,17
28061,Jasper County,MS,267,6
28063,Jefferson County,MS,117,3
28065,Jefferson Davis County,MS,116,4
28067,Jones County,MS,1173,49
28069,Kemper County,MS,180,14
28071,Lafayette County,MS,437,4
28073,Lamar County,MS,502,7
28075,Lauderdale County,MS,942,81
28077,Lawrence County,MS,199,2
28079,Leake County,MS,613,20
28081,Lee County,MS,586,21
28083,Leflore County,MS,522,56
28085,Lincoln County,MS,509,35
28087,Lowndes County,MS,526,13
28089,Madison County,MS,1382,36
28091,Marion County,MS,313,12
28093,Marshall County,MS,269,3
28095,Monroe County,MS,436,35
28097,Montgomery County,MS,149,3
28099,Neshoba County,MS,1022,74
28101,Newton County,MS,357,10
28103,Noxubee County,MS,275,8
28105,Oktibbeha County,MS,568,27
28107,Panola County,MS,399,6
28109,Pearl River County,MS,276,32
28111,Perry County,MS,76,4
28113,Pike County,MS,470,20
28115,Pontotoc County,MS,326,6
28117,Prentiss County,MS,112,3
28119,Quitman County,MS,89,1
28121,Rankin County,MS,1035,15
28123,Scott County,MS,792,15
28125,Sharkey County,MS,42,0
28127,Simpson County,MS,373,3
28129,Smith County,MS,234,12
28131,Stone County,MS,73,2
28133,Sunflower County,MS,452,8
28135,Tallahatchie County,MS,166,4
28137,Tate County,MS,323,13
28139,Tippah County,MS,144,11
28141,Tishomingo County,MS,92,1
28143,Tunica County,MS,119,3
28145,Union County,MS,238,11
28147,Walthall County,MS,226,7
28149,Warren County,MS,553,20
28151,Washington County,MS,643,10
28153,Wayne County,MS,554,16
28155,Webster County,MS,128,11
28157,Wilkinson County,MS,95,9
28159,Winston County,MS,287,11
28161,Yalobusha County,MS,193,8
28163,Yazoo County,MS,543,6
29001,Adair County,MO,99,0
29003,Andrew County,MO,55,0
29005,Atchison County,MO,6,0
29007,Audrain County,MO,142,1
29009,Barry County,MO,87,0
29011,Barton County,MO,31,0
29013,Bates County,MO,12,1
29015,Benton County,MO,20,0
29017,Bollinger County,MO,20,0
29019,Boone County,MO,504,2
29021,Buchanan County,MO,927,4
29023,Butler County,MO,116,0
29025,Caldwell County,MO,14,0
29027,Callaway County,MO,61,1
29029,Camden County,MO,77,2
29031,Cape Girardeau County,MO,292,3
29033,Carroll County,MO,25,0
29035,Carter County,MO,7,1
29037,Cass County,MO,190,8
29039,Cedar County,MO,12,0
29041,Chariton County,MO,6,0
29043,Christian County,MO,67,1
29045,Clark County,MO,2,0
29047,Clay County,MO,539,13
29049,Clinton County,MO,31,0
29051,Cole County,MO,99,2
29053,Cooper County,MO,25,0
29055,Crawford County,MO,19,0
29057,Dade County,MO,2,0
29059,Dallas County,MO,17,1
29061,Daviess County,MO,11,0
29063,DeKalb County,MO,15,0
29065,Dent County,MO,5,0
29067,Douglas County,MO,8,0
29069,Dunklin County,MO,119,3
29071,Franklin County,MO,248,18
29073,Gasconade County,MO,13,0
29075,Gentry County,MO,66,9
29077,Greene County,MO,407,8
29079,Grundy County,MO,20,1
29081,Harrison County,MO,28,0
29083,Henry County,MO,20,3
29085,Hickory County,MO,1,0
29087,Holt County,MO,1,0
29089,Howard County,MO,5,0
29091,Howell County,MO,48,0
29093,Iron County,MO,3,0
29095,Jackson County (including other portions of Kansas City),MO,4447,56
29097,Jasper County,MO,940,7
29099,Jefferson County,MO,539,22
29101,Johnson County,MO,208,0
29103,Knox County,MO,2,0
29105,Laclede County,MO,76,0
29107,Lafayette County,MO,100,2
29109,Lawrence County,MO,53,1
29111,Lewis County,MO,8,1
29113,Lincoln County,MO,110,1
29115,Linn County,MO,20,1
29117,Livingston County,MO,24,0
29119,McDonald County,MO,678,1
29121,Macon County,MO,10,0
29123,Madison County,MO,7,0
29125,Maries County,MO,6,0
29127,Marion County,MO,29,0
29129,Mercer County,MO,6,0
29131,Miller County,MO,22,0
29133,Mississippi County,MO,98,0
29135,Moniteau County,MO,65,1
29137,Monroe County,MO,5,0
29139,Montgomery County,MO,22,0
29141,Morgan County,MO,26,0
29143,New Madrid County,MO,47,1
29145,Newton County,MO,540,2
29147,Nodaway County,MO,25,0
29149,Oregon County,MO,9,0
29151,Osage County,MO,11,0
29153,Ozark County,MO,2,0
29155,Pemiscot County,MO,115,6
29157,Perry County,MO,168,1
29159,Pettis County,MO,142,1
29161,Phelps County,MO,52,0
29163,Pike County,MO,38,1
29165,Platte County,MO,143,6
29167,Polk County,MO,19,0
29169,Pulaski County,MO,134,1
29171,Putnam County,MO,3,0
29173,Ralls County,MO,10,0
29175,Randolph County,MO,14,0
29177,Ray County,MO,30,0
29179,Reynolds County,MO,5,0
29181,Ripley County,MO,20,0
29183,St. Charles County,MO,1230,75
29185,St. Clair County,MO,3,0
29186,Ste. Genevieve County,MO,23,1
29187,St. Francois County,MO,162,2
29189,St. Louis County,MO,6969,589
29195,Saline County,MO,299,4
29197,Schuyler County,MO,5,0
29199,Scotland County,MO,11,1
29201,Scott County,MO,192,11
29203,Shannon County,MO,23,0
29205,Shelby County,MO,4,0
29207,Stoddard County,MO,150,9
29209,Stone County,MO,21,0
29211,Sullivan County,MO,117,0
29213,Taney County,MO,119,2
29215,Texas County,MO,10,0
29217,Vernon County,MO,28,0
29219,Warren County,MO,54,0
29221,Washington County,MO,26,1
29223,Wayne County,MO,4,0
29225,Webster County,MO,47,1
29227,Worth County,MO,4,0
29229,Wright County,MO,31,0
29510,City of St. Louis,MO,2680,156
30001,Beaverhead County,MT,3,0
30003,Big Horn County,MT,110,4
30005,Blaine County,MT,0,0
30007,Broadwater County,MT,5,0
30009,Carbon County,MT,30,0
30011,Carter County,MT,0,0
30013,Cascade County,MT,41,2
30015,Chouteau County,MT,0,0
30017,Custer County,MT,34,0
30019,Daniels County,MT,0,0
30021,Dawson County,MT,8,0
30023,Deer Lodge County,MT,5,0
30025,Fallon County,MT,0,0
30027,Fergus County,MT,2,0
30029,Flathead County,MT,65,2
30031,Gallatin County,MT,338,1
30033,Garfield County,MT,0,0
30035,Glacier County,MT,25,0
30037,Golden Valley County,MT,3,0
30039,Granite County,MT,5,0
30041,Hill County,MT,8,0
30043,Jefferson County,MT,6,0
30045,Judith Basin County,MT,0,0
30047,Lake County,MT,39,0
30049,Lewis and Clark County,MT,41,0
30051,Liberty County,MT,1,0
30053,Lincoln County,MT,11,1
30055,McCone County,MT,0,0
30057,Madison County,MT,23,1
30059,Meagher County,MT,4,0
30061,Mineral County,MT,0,0
30063,Missoula County,MT,125,0
30065,Musselshell County,MT,1,0
30067,Park County,MT,17,0
30069,Petroleum County,MT,0,0
30071,Phillips County,MT,0,0
30073,Pondera County,MT,2,0
30075,Powder River County,MT,0,0
30077,Powell County,MT,0,0
30079,Prairie County,MT,0,0
30081,Ravalli County,MT,41,0
30083,Richland County,MT,22,0
30085,Roosevelt County,MT,8,0
30087,Rosebud County,MT,10,1
30089,Sanders County,MT,0,0
30091,Sheridan County,MT,1,0
30093,Silver Bow County,MT,22,0
30095,Stillwater County,MT,8,0
30097,Sweet Grass County,MT,0,0
30099,Teton County,MT,10,0
30101,Toole County,MT,31,6
30103,Treasure County,MT,2,0
30105,Valley County,MT,4,0
30107,Wheatland County,MT,2,0
30109,Wibaux County,MT,0,0
30111,Yellowstone County,MT,378,6
31001,Adams County,NE,304,10
31003,Antelope County,NE,9,1
31005,Arthur County,NE,0,0
31007,Banner County,NE,2,0
31009,Blaine County,NE,0,0
31011,Boone County,NE,7,0
31013,Box Butte County,NE,3,0
31015,Boyd County,NE,1,0
31017,Brown County,NE,0,0
31019,Buffalo County,NE,198,1
31021,Burt County,NE,14,0
31023,Butler County,NE,51,0
31025,Cass County,NE,76,1
31027,Cedar County,NE,18,0
31029,Chase County,NE,1,0
31031,Cherry County,NE,2,0
31033,Cheyenne County,NE,20,0
31035,Clay County,NE,28,0
31037,Colfax County,NE,676,4
31039,Cuming County,NE,38,0
31041,Custer County,NE,40,3
31043,Dakota County,NE,1781,34
31045,Dawes County,NE,4,0
31047,Dawson County,NE,869,7
31049,Deuel County,NE,0,0
31051,Dixon County,NE,52,1
31053,Dodge County,NE,706,8
31055,Douglas County,NE,7773,97
31057,Dundy County,NE,0,0
31059,Fillmore County,NE,17,1
31061,Franklin County,NE,8,0
31063,Frontier County,NE,1,0
31065,Furnas County,NE,10,1
31067,Gage County,NE,59,3
31069,Garden County,NE,4,0
31071,Garfield County,NE,1,0
31073,Gosper County,NE,13,0
31075,Grant County,NE,0,0
31077,Greeley County,NE,5,0
31079,Hall County,NE,1608,45
31081,Hamilton County,NE,67,12
31083,Harlan County,NE,1,0
31085,Hayes County,NE,0,0
31087,Hitchcock County,NE,1,0
31089,Holt County,NE,4,0
31091,Hooker County,NE,2,0
31093,Howard County,NE,44,4
31095,Jefferson County,NE,10,0
31097,Johnson County,NE,7,0
31099,Kearney County,NE,17,0
31101,Keith County,NE,4,0
31103,Keya Paha County,NE,0,0
31105,Kimball County,NE,11,0
31107,Knox County,NE,25,0
31109,Lancaster County,NE,1990,13
31111,Lincoln County,NE,63,2
31113,Logan County,NE,0,0
31115,Loup County,NE,0,0
31117,McPherson County,NE,0,0
31119,Madison County,NE,379,4
31121,Merrick County,NE,39,0
31123,Morrill County,NE,51,0
31125,Nance County,NE,4,0
31127,Nemaha County,NE,5,0
31129,Nuckolls County,NE,1,0
31131,Otoe County,NE,25,0
31133,Pawnee County,NE,0,0
31135,Perkins County,NE,0,0
31137,Phelps County,NE,27,0
31139,Pierce County,NE,10,0
31141,Platte County,NE,684,3
31143,Polk County,NE,13,0
31145,Red Willow County,NE,8,0
31147,Richardson County,NE,5,1
31149,Rock County,NE,2,0
31151,Saline County,NE,544,2
31153,Sarpy County,NE,1299,8
31155,Saunders County,NE,83,2
31157,Scotts Bluff County,NE,231,5
31159,Seward County,NE,46,1
31161,Sheridan County,NE,8,0
31163,Sherman County,NE,5,0
31165,Sioux County,NE,5,0
31167,Stanton County,NE,21,0
31169,Thayer County,NE,4,0
31171,Thomas County,NE,1,0
31173,Thurston County,NE,167,1
31175,Valley County,NE,8,0
31177,Washington County,NE,53,1
31179,Wayne County,NE,28,0
31181,Webster County,NE,7,0
31183,Wheeler County,NE,0,0
31185,York County,NE,49,0
32001,Churchill County,NV,24,1
32003,Clark County,NV,20622,468
32005,Douglas County,NV,80,0
32007,Elko County,NV,184,1
32009,Esmeralda County,NV,0,0
32011,Eureka County,NV,1,0
32013,Humboldt County,NV,85,4
32015,Lander County,NV,38,0
32017,Lincoln County,NV,2,0
32019,Lyon County,NV,136,2
32021,Mineral County,NV,5,0
32023,Nye County,NV,181,3
32027,Pershing County,NV,10,0
32029,Storey County,NV,2,0
32031,Washoe County,NV,3459,89
32033,White Pine County,NV,6,0
32510,Carson City,NV,194,6
33001,Belknap County,NH,87,2
33003,Carroll County,NH,65,0
33005,Cheshire County,NH,75,2
33007,Coos County,NH,9,0
33009,Grafton County,NH,90,1
33011,Hillsborough County,NH,3387,257
33013,Merrimack County,NH,422,19
33015,Rockingham County,NH,1505,92
33017,Strafford County,NH,297,13
33019,Sullivan County,NH,35,1
34001,Atlantic County,NJ,2976,226
34003,Bergen County,NJ,19771,2020
34005,Burlington County,NJ,5316,446
34007,Camden County,NJ,7600,540
34009,Cape May County,NJ,723,76
34011,Cumberland County,NJ,3032,149
34013,Essex County,NJ,18928,2060
34015,Gloucester County,NJ,2697,193
34017,Hudson County,NJ,19037,1477
34019,Hunterdon County,NJ,1094,124
34021,Mercer County,NJ,7765,596
34023,Middlesex County,NJ,16952,1361
34025,Monmouth County,NJ,9371,831
34027,Morris County,NJ,6864,817
34029,Ocean County,NJ,9773,992
34031,Passaic County,NJ,17000,1216
34033,Salem County,NJ,811,77
34035,Somerset County,NJ,4952,544
34037,Sussex County,NJ,1220,194
34039,Union County,NJ,16297,1340
34041,Warren County,NJ,1261,167
35001,Bernalillo County,NM,2816,94
35003,Catron County,NM,2,1
35005,Chaves County,NM,151,2
35006,Cibola County,NM,244,14
35007,Colfax County,NM,9,1
35009,Curry County,NM,227,1
35011,De Baca County,NM,0,0
35013,Dona Ana County,NM,1306,11
35015,Eddy County,NM,122,1
35017,Grant County,NM,29,0
35019,Guadalupe County,NM,20,0
35021,Harding County,NM,1,0
35023,Hidalgo County,NM,64,0
35025,Lea County,NM,230,0
35027,Lincoln County,NM,18,0
35028,Los Alamos County,NM,11,0
35029,Luna County,NM,113,3
35031,McKinley County,NM,3567,186
35033,Mora County,NM,0,0
35035,Otero County,NM,67,7
35037,Quay County,NM,12,1
35039,Rio Arriba County,NM,128,1
35041,Roosevelt County,NM,76,1
35043,Sandoval County,NM,802,30
35045,San Juan County,NM,2628,167
35047,San Miguel County,NM,23,0
35049,Santa Fe County,NM,302,3
35051,Sierra County,NM,14,0
35053,Socorro County,NM,61,5
35055,Taos County,NM,51,1
35057,Torrance County,NM,47,1
35059,Union County,NM,8,0
35061,Valencia County,NM,168,2
1,New York City Unallocated/Probable,NY,0,35
36001,Albany County,NY,2183,109
36003,Allegany County,NY,64,2
36005,Bronx County,NY,48126,4786
36007,Broome County,NY,770,60
36009,Cattaraugus County,NY,131,6
36011,Cayuga County,NY,124,2
36013,Chautauqua County,NY,152,3
36015,Chemung County,NY,147,2
36017,Chenango County,NY,157,6
36019,Clinton County,NY,107,4
36021,Columbia County,NY,482,47
36023,Cortland County,NY,55,1
36025,Delaware County,NY,91,4
36027,Dutchess County,NY,4255,152
36029,Erie County,NY,7624,576
36031,Essex County,NY,51,0
36033,Franklin County,NY,34,0
36035,Fulton County,NY,263,26
36037,Genesee County,NY,244,5
36039,Greene County,NY,263,13
36041,Hamilton County,NY,6,1
36043,Herkimer County,NY,182,3
36045,Jefferson County,NY,95,0
36047,Kings County,NY,60461,7158
36049,Lewis County,NY,31,5
36051,Livingston County,NY,140,4
36053,Madison County,NY,368,9
36055,Monroe County,NY,4074,246
36057,Montgomery County,NY,125,4
36059,Nassau County,NY,42164,2188
36061,New York County,NY,29029,3110
36063,Niagara County,NY,1315,85
36065,Oneida County,NY,1791,103
36067,Onondaga County,NY,3050,166
36069,Ontario County,NY,290,26
36071,Orange County,NY,10810,404
36073,Orleans County,NY,286,55
36075,Oswego County,NY,211,3
36077,Otsego County,NY,86,4
36079,Putnam County,NY,1348,63
36081,Queens County,NY,66174,7095
36083,Rensselaer County,NY,586,33
36085,Richmond County,NY,14262,1063
36087,Rockland County,NY,13683,506
36089,St. Lawrence County,NY,227,3
36091,Saratoga County,NY,585,15
36093,Schenectady County,NY,848,36
36095,Schoharie County,NY,61,2
36097,Schuyler County,NY,13,0
36099,Seneca County,NY,73,1
36101,Steuben County,NY,272,29
36103,Suffolk County,NY,41849,1991
36105,Sullivan County,NY,1460,36
36107,Tioga County,NY,151,20
36109,Tompkins County,NY,180,0
36111,Ulster County,NY,1851,81
36113,Warren County,NY,273,30
36115,Washington County,NY,248,14
36117,Wayne County,NY,195,2
36119,Westchester County,NY,35183,1432
36121,Wyoming County,NY,99,4
36123,Yates County,NY,48,6
37001,Alamance County,NC,1357,37
37003,Alexander County,NC,140,1
37005,Alleghany County,NC,39,0
37007,Anson County,NC,176,1
37009,Ashe County,NC,61,1
37011,Avery County,NC,21,0
37013,Beaufort County,NC,123,0
37015,Bertie County,NC,154,4
37017,Bladen County,NC,419,5
37019,Brunswick County,NC,727,7
37021,Buncombe County,NC,777,30
37023,Burke County,NC,1144,20
37025,Cabarrus County,NC,1454,33
37027,Caldwell County,NC,563,4
37029,Camden County,NC,34,1
37031,Carteret County,NC,111,3
37033,Caswell County,NC,149,2
37035,Catawba County,NC,1093,13
37037,Chatham County,NC,1009,44
37039,Cherokee County,NC,52,2
37041,Chowan County,NC,31,0
37043,Clay County,NC,11,0
37045,Cleveland County,NC,448,8
37047,Columbus County,NC,585,39
37049,Craven County,NC,426,8
37051,Cumberland County,NC,1490,41
37053,Currituck County,NC,22,0
37055,Dare County,NC,85,1
37057,Davidson County,NC,1175,15
37059,Davie County,NC,236,3
37061,Duplin County,NC,1637,29
37063,Durham County,NC,4260,67
37065,Edgecombe County,NC,363,9
37067,Forsyth County,NC,3525,37
37069,Franklin County,NC,435,21
37071,Gaston County,NC,1547,15
37073,Gates County,NC,29,2
37075,Graham County,NC,10,0
37077,Granville County,NC,877,23
37079,Greene County,NC,196,3
37081,Guilford County,NC,3361,121
37083,Halifax County,NC,346,4
37085,Harnett County,NC,744,30
37087,Haywood County,NC,113,0
37089,Henderson County,NC,820,50
37091,Hertford County,NC,174,10
37093,Hoke County,NC,434,4
37095,Hyde County,NC,25,0
37097,Iredell County,NC,985,10
37099,Jackson County,NC,157,1
37101,Johnston County,NC,1879,34
37103,Jones County,NC,37,3
37105,Lee County,NC,901,8
37107,Lenoir County,NC,406,11
37109,Lincoln County,NC,347,2
37111,McDowell County,NC,299,2
37113,Macon County,NC,315,1
37115,Madison County,NC,15,0
37117,Martin County,NC,157,5
37119,Mecklenburg County,NC,13757,158
37121,Mitchell County,NC,55,0
37123,Montgomery County,NC,368,9
37125,Moore County,NC,594,13
37127,Nash County,NC,586,6
37129,New Hanover County,NC,1304,7
37131,Northampton County,NC,189,15
37133,Onslow County,NC,372,3
37135,Orange County,NC,892,42
37137,Pamlico County,NC,27,0
37139,Pasquotank County,NC,233,17
37141,Pender County,NC,330,2
37143,Perquimans County,NC,37,2
37145,Person County,NC,125,1
37147,Pitt County,NC,876,6
37149,Polk County,NC,92,4
37151,Randolph County,NC,1387,32
37153,Richmond County,NC,345,7
37155,Robeson County,NC,1479,43
37157,Rockingham County,NC,284,2
37159,Rowan County,NC,1426,43
37161,Rutherford County,NC,364,9
37163,Sampson County,NC,1149,7
37165,Scotland County,NC,157,2
37167,Stanly County,NC,531,5
37169,Stokes County,NC,155,1
37171,Surry County,NC,552,2
37173,Swain County,NC,69,1
37175,Transylvania County,NC,38,1
37177,Tyrrell County,NC,31,0
37179,Union County,NC,1643,25
37181,Vance County,NC,548,40
37183,Wake County,NC,6704,57
37185,Warren County,NC,179,5
37187,Washington County,NC,41,3
37189,Watauga County,NC,108,0
37191,Wayne County,NC,1942,30
37193,Wilkes County,NC,602,6
37195,Wilson County,NC,854,23
37197,Yadkin County,NC,364,5
37199,Yancey County,NC,52,0
38001,Adams County,ND,0,0
38003,Barnes County,ND,23,0
38005,Benson County,ND,11,0
38007,Billings County,ND,1,0
38009,Bottineau County,ND,5,0
38011,Bowman County,ND,1,0
38013,Burke County,ND,6,0
38015,Burleigh County,ND,385,0
38017,Cass County,ND,2402,70
38019,Cavalier County,ND,10,0
38021,Dickey County,ND,5,0
38023,Divide County,ND,1,0
38025,Dunn County,ND,18,0
38027,Eddy County,ND,5,0
38029,Emmons County,ND,4,1
38031,Foster County,ND,3,0
38033,Golden Valley County,ND,0,0
38035,Grand Forks County,ND,412,4
38037,Grant County,ND,3,0
38039,Griggs County,ND,2,0
38041,Hettinger County,ND,1,0
38043,Kidder County,ND,2,0
38045,LaMoure County,ND,13,0
38047,Logan County,ND,0,0
38049,McHenry County,ND,6,1
38051,McIntosh County,ND,4,0
38053,McKenzie County,ND,31,0
38055,McLean County,ND,11,0
38057,Mercer County,ND,7,0
38059,Morton County,ND,121,2
38061,Mountrail County,ND,55,0
38063,Nelson County,ND,2,0
38065,Oliver County,ND,2,0
38067,Pembina County,ND,14,0
38069,Pierce County,ND,6,0
38071,Ramsey County,ND,18,1
38073,Ransom County,ND,21,0
38075,Renville County,ND,5,0
38077,Richland County,ND,44,0
38079,Rolette County,ND,11,0
38081,Sargent County,ND,7,0
38083,Sheridan County,ND,2,0
38085,Sioux County,ND,32,0
38087,Slope County,ND,3,0
38089,Stark County,ND,85,3
38091,Steele County,ND,3,0
38093,Stutsman County,ND,66,2
38095,Towner County,ND,1,0
38097,Traill County,ND,23,0
38099,Walsh County,ND,41,0
38101,Ward County,ND,67,1
38103,Wells County,ND,9,0
38105,Williams County,ND,59,0
39001,Adams County,OH,24,1
39003,Allen County,OH,338,41
39005,Ashland County,OH,62,1
39007,Ashtabula County,OH,438,44
39009,Athens County,OH,91,1
39011,Auglaize County,OH,109,4
39013,Belmont County,OH,558,22
39015,Brown County,OH,59,1
39017,Butler County,OH,1721,47
39019,Carroll County,OH,60,3
39021,Champaign County,OH,46,1
39023,Clark County,OH,784,10
39025,Clermont County,OH,436,7
39027,Clinton County,OH,70,0
39029,Columbiana County,OH,1324,60
39031,Coshocton County,OH,132,3
39033,Crawford County,OH,137,5
39035,Cuyahoga County,OH,8518,383
39037,Darke County,OH,253,26
39039,Defiance County,OH,53,3
39041,Delaware County,OH,645,15
39043,Erie County,OH,260,22
39045,Fairfield County,OH,614,17
39047,Fayette County,OH,51,0
39049,Franklin County,OH,11122,439
39051,Fulton County,OH,65,0
39053,Gallia County,OH,20,1
39055,Geauga County,OH,415,42
39057,Greene County,OH,300,9
39059,Guernsey County,OH,76,3
39061,Hamilton County,OH,6396,206
39063,Hancock County,OH,84,1
39065,Hardin County,OH,123,12
39067,Harrison County,OH,12,1
39069,Henry County,OH,32,0
39071,Highland County,OH,47,1
39073,Hocking County,OH,79,8
39075,Holmes County,OH,252,4
39077,Huron County,OH,234,2
39079,Jackson County,OH,27,0
39081,Jefferson County,OH,95,2
39083,Knox County,OH,53,1
39085,Lake County,OH,551,22
39087,Lawrence County,OH,79,0
39089,Licking County,OH,536,12
39091,Logan County,OH,66,1
39093,Lorain County,OH,1073,68
39095,Lucas County,OH,2859,304
39097,Madison County,OH,206,9
39099,Mahoning County,OH,1885,239
39101,Marion County,OH,2737,39
39103,Medina County,OH,548,32
39105,Meigs County,OH,12,0
39107,Mercer County,OH,294,10
39109,Miami County,OH,486,31
39111,Monroe County,OH,89,17
39113,Montgomery County,OH,2283,35
39115,Morgan County,OH,11,0
39117,Morrow County,OH,120,1
39119,Muskingum County,OH,92,1
39121,Noble County,OH,13,0
39123,Ottawa County,OH,161,24
39125,Paulding County,OH,27,0
39127,Perry County,OH,40,1
39129,Pickaway County,OH,2206,41
39131,Pike County,OH,27,0
39133,Portage County,OH,477,59
39135,Preble County,OH,81,1
39137,Putnam County,OH,133,15
39139,Richland County,OH,359,5
39141,Ross County,OH,136,3
39143,Sandusky County,OH,142,15
39145,Scioto County,OH,56,0
39147,Seneca County,OH,36,2
39149,Shelby County,OH,72,4
39151,Stark County,OH,1171,114
39153,Summit County,OH,2269,209
39155,Trumbull County,OH,1014,74
39157,Tuscarawas County,OH,590,10
39159,Union County,OH,92,1
39161,Van Wert County,OH,43,0
39163,Vinton County,OH,22,2
39165,Warren County,OH,918,25
39167,Washington County,OH,142,20
39169,Wayne County,OH,367,52
39171,Williams County,OH,72,2
39173,Wood County,OH,461,51
39175,Wyandot County,OH,61,5
40001,Adair County,OK,136,4
40003,Alfalfa County,OK,1,0
40005,Atoka County,OK,31,0
40007,Beaver County,OK,32,0
40009,Beckham County,OK,13,0
40011,Blaine County,OK,18,0
40013,Bryan County,OK,154,1
40015,Caddo County,OK,202,11
40017,Canadian County,OK,430,3
40019,Carter County,OK,159,2
40021,Cherokee County,OK,105,1
40023,Choctaw County,OK,122,1
40025,Cimarron County,OK,1,0
40027,Cleveland County,OK,1208,40
40029,Coal County,OK,10,0
40031,Comanche County,OK,474,7
40033,Cotton County,OK,10,2
40035,Craig County,OK,26,0
40037,Creek County,OK,201,7
40039,Custer County,OK,70,0
40041,Delaware County,OK,218,17
40043,Dewey County,OK,4,0
40045,Ellis County,OK,2,0
40047,Garfield County,OK,93,2
40049,Garvin County,OK,106,2
40051,Grady County,OK,224,5
40053,Grant County,OK,2,0
40055,Greer County,OK,67,7
40057,Harmon County,OK,3,0
40059,Harper County,OK,1,0
40061,Haskell County,OK,16,0
40063,Hughes County,OK,13,0
40065,Jackson County,OK,54,3
40067,Jefferson County,OK,13,0
40069,Johnston County,OK,15,0
40071,Kay County,OK,120,8
40073,Kingfisher County,OK,39,0
40075,Kiowa County,OK,14,1
40077,Latimer County,OK,18,1
40079,Le Flore County,OK,53,1
40081,Lincoln County,OK,40,2
40083,Logan County,OK,75,1
40085,Love County,OK,45,0
40087,McClain County,OK,229,4
40089,McCurtain County,OK,596,9
40091,McIntosh County,OK,79,1
40093,Major County,OK,10,1
40095,Marshall County,OK,43,0
40097,Mayes County,OK,109,5
40099,Murray County,OK,24,0
40101,Muskogee County,OK,174,13
40103,Noble County,OK,50,1
40105,Nowata County,OK,37,1
40107,Okfuskee County,OK,17,0
40109,Oklahoma County,OK,4194,72
40111,Okmulgee County,OK,127,0
40113,Osage County,OK,194,8
40115,Ottawa County,OK,132,2
40117,Pawnee County,OK,65,3
40119,Payne County,OK,465,1
40121,Pittsburg County,OK,69,3
40123,Pontotoc County,OK,67,2
40125,Pottawatomie County,OK,142,4
40127,Pushmataha County,OK,20,0
40129,Roger Mills County,OK,0,0
40131,Rogers County,OK,291,7
40133,Seminole County,OK,53,3
40135,Sequoyah County,OK,59,3
40137,Stephens County,OK,76,1
40139,Texas County,OK,1001,6
40141,Tillman County,OK,25,1
40143,Tulsa County,OK,4693,72
40145,Wagoner County,OK,344,19
40147,Washington County,OK,440,39
40149,Washita County,OK,7,0
40151,Woods County,OK,9,0
40153,Woodward County,OK,15,0
41001,Baker County,OR,8,0
41003,Benton County,OR,99,6
41005,Clackamas County,OR,914,27
41007,Clatsop County,OR,55,0
41009,Columbia County,OR,47,0
41011,Coos County,OR,52,0
41013,Crook County,OR,17,1
41015,Curry County,OR,9,0
41017,Deschutes County,OR,229,0
41019,Douglas County,OR,56,0
41021,Gilliam County,OR,1,0
41023,Grant County,OR,1,0
41025,Harney County,OR,2,0
41027,Hood River County,OR,99,0
41029,Jackson County,OR,164,0
41031,Jefferson County,OR,145,0
41033,Josephine County,OR,54,1
41035,Klamath County,OR,131,1
41037,Lake County,OR,24,0
41039,Lane County,OR,271,3
41041,Lincoln County,OR,360,4
41043,Linn County,OR,168,10
41045,Malheur County,OR,266,1
41047,Marion County,OR,1743,53
41049,Morrow County,OR,131,1
41051,Multnomah County,OR,2694,72
41053,Polk County,OR,168,12
41055,Sherman County,OR,3,0
41057,Tillamook County,OR,15,0
41059,Umatilla County,OR,886,7
41061,Union County,OR,367,1
41063,Wallowa County,OR,12,0
41065,Wasco County,OR,102,1
41067,Washington County,OR,1720,20
41069,Wheeler County,OR,0,0
41071,Yamhill County,OR,171,9
42001,Adams County,PA,366,13
42003,Allegheny County,PA,4367,193
42005,Armstrong County,PA,80,6
42007,Beaver County,PA,796,79
42009,Bedford County,PA,91,4
42011,Berks County,PA,4647,356
42013,Blair County,PA,93,1
42015,Bradford County,PA,59,3
42017,Bucks County,PA,6003,571
42019,Butler County,PA,396,13
42021,Cambria County,PA,113,3
42023,Cameron County,PA,4,0
42025,Carbon County,PA,293,27
42027,Centre County,PA,235,8
42029,Chester County,PA,3918,332
42031,Clarion County,PA,49,2
42033,Clearfield County,PA,82,0
42035,Clinton County,PA,91,4
42037,Columbia County,PA,416,35
42039,Crawford County,PA,76,1
42041,Cumberland County,PA,922,66
42043,Dauphin County,PA,2247,148
42045,Delaware County,PA,7447,664
42047,Elk County,PA,29,0
42049,Erie County,PA,699,12
42051,Fayette County,PA,163,4
42053,Forest County,PA,7,0
42055,Franklin County,PA,989,46
42057,Fulton County,PA,19,1
42059,Greene County,PA,56,0
42061,Huntingdon County,PA,254,4
42063,Indiana County,PA,121,6
42065,Jefferson County,PA,34,1
42067,Juniata County,PA,114,6
42069,Lackawanna County,PA,1749,209
42071,Lancaster County,PA,4711,377
42073,Lawrence County,PA,146,9
42075,Lebanon County,PA,1404,47
42077,Lehigh County,PA,4370,315
42079,Luzerne County,PA,2979,179
42081,Lycoming County,PA,234,20
42083,McKean County,PA,20,1
42085,Mercer County,PA,161,6
42087,Mifflin County,PA,70,1
42089,Monroe County,PA,1456,111
42091,Montgomery County,PA,8749,822
42093,Montour County,PA,76,2
42095,Northampton County,PA,3513,276
42097,Northumberland County,PA,339,8
42099,Perry County,PA,89,5
42101,Philadelphia County,PA,22553,1633
42103,Pike County,PA,504,21
42105,Potter County,PA,17,0
42107,Schuylkill County,PA,765,47
42109,Snyder County,PA,72,2
42111,Somerset County,PA,69,1
42113,Sullivan County,PA,10,0
42115,Susquehanna County,PA,190,25
42117,Tioga County,PA,27,2
42119,Union County,PA,97,2
42121,Venango County,PA,34,0
42123,Warren County,PA,7,1
42125,Washington County,PA,366,6
42127,Wayne County,PA,141,8
42129,Westmoreland County,PA,917,39
42131,Wyoming County,PA,41,7
42133,York County,PA,1714,57
44001,Bristol County,RI,256,15
44003,Kent County,RI,1234,97
44005,Newport County,RI,331,4
44007,Providence County,RI,13144,773
44009,Washington County,RI,538,60
45001,Abbeville County,SC,138,1
45003,Aiken County,SC,575,11
45005,Allendale County,SC,73,3
45007,Anderson County,SC,908,16
45009,Bamberg County,SC,158,1
45011,Barnwell County,SC,106,1
45013,Beaufort County,SC,1718,22
45015,Berkeley County,SC,1908,24
45017,Calhoun County,SC,116,1
45019,Charleston County,SC,6698,51
45021,Cherokee County,SC,226,8
45023,Chester County,SC,245,2
45025,Chesterfield County,SC,422,15
45027,Clarendon County,SC,462,45
45029,Colleton County,SC,422,22
45031,Darlington County,SC,519,17
45033,Dillon County,SC,363,13
45035,Dorchester County,SC,1295,7
45037,Edgefield County,SC,107,4
45039,Fairfield County,SC,330,22
45041,Florence County,SC,1492,56
45043,Georgetown County,SC,724,7
45045,Greenville County,SC,6435,100
45047,Greenwood County,SC,668,7
45049,Hampton County,SC,92,3
45051,Horry County,SC,5203,65
45053,Jasper County,SC,221,3
45055,Kershaw County,SC,814,17
45057,Lancaster County,SC,580,13
45059,Laurens County,SC,666,13
45061,Lee County,SC,331,22
45063,Lexington County,SC,2655,55
45065,McCormick County,SC,32,2
45067,Marion County,SC,294,9
45069,Marlboro County,SC,328,4
45071,Newberry County,SC,355,5
45073,Oconee County,SC,373,1
45075,Orangeburg County,SC,1027,19
45077,Pickens County,SC,1069,6
45079,Richland County,SC,4405,93
45081,Saluda County,SC,254,2
45083,Spartanburg County,SC,2157,57
45085,Sumter County,SC,1303,26
45087,Union County,SC,133,0
45089,Williamsburg County,SC,465,15
45091,York County,SC,1682,12
46003,Aurora County,SD,34,0
46005,Beadle County,SD,551,7
46007,Bennett County,SD,4,0
46009,Bon Homme County,SD,13,0
46011,Brookings County,SD,86,0
46013,Brown County,SD,352,2
46015,Brule County,SD,33,0
46017,Buffalo County,SD,83,3
46019,Butte County,SD,1,0
46021,Campbell County,SD,1,0
46023,Charles Mix County,SD,96,0
46025,Clark County,SD,15,0
46027,Clay County,SD,92,0
46029,Codington County,SD,90,0
46031,Corson County,SD,19,0
46033,Custer County,SD,10,0
46035,Davison County,SD,51,0
46037,Day County,SD,19,0
46039,Deuel County,SD,4,0
46041,Dewey County,SD,27,0
46043,Douglas County,SD,10,0
46045,Edmunds County,SD,8,0
46047,Fall River County,SD,13,0
46049,Faulk County,SD,23,1
46051,Grant County,SD,16,0
46053,Gregory County,SD,5,0
46055,Haakon County,SD,1,0
46057,Hamlin County,SD,13,0
46059,Hand County,SD,7,0
46061,Hanson County,SD,13,0
46063,Harding County,SD,0,0
46065,Hughes County,SD,68,0
46067,Hutchinson County,SD,15,0
46069,Hyde County,SD,3,0
46071,Jackson County,SD,6,1
46073,Jerauld County,SD,39,1
46075,Jones County,SD,1,0
46077,Kingsbury County,SD,6,0
46079,Lake County,SD,23,1
46081,Lawrence County,SD,19,0
46083,Lincoln County,SD,381,1
46085,Lyman County,SD,80,1
46087,McCook County,SD,15,1
46089,McPherson County,SD,5,0
46091,Marshall County,SD,5,0
46093,Meade County,SD,53,1
46095,Mellette County,SD,6,0
46097,Miner County,SD,10,0
46099,Minnehaha County,SD,3723,59
46101,Moody County,SD,23,0
46102,Oglala Lakota County,SD,108,0
46103,Pennington County,SD,616,18
46105,Perkins County,SD,0,0
46107,Potter County,SD,0,0
46109,Roberts County,SD,53,0
46111,Sanborn County,SD,12,0
46115,Spink County,SD,12,0
46117,Stanley County,SD,14,0
46119,Sully County,SD,1,0
46121,Todd County,SD,61,2
46123,Tripp County,SD,18,0
46125,Turner County,SD,28,0
46127,Union County,SD,140,1
46129,Walworth County,SD,16,0
46135,Yankton County,SD,83,1
46137,Ziebach County,SD,2,0
47001,Anderson County,TN,178,2
47003,Bedford County,TN,595,9
47005,Benton County,TN,15,1
47007,Bledsoe County,TN,625,1
47009,Blount County,TN,280,3
47011,Bradley County,TN,889,4
47013,Campbell County,TN,65,1
47015,Cannon County,TN,45,0
47017,Carroll County,TN,51,1
47019,Carter County,TN,77,1
47021,Cheatham County,TN,252,2
47023,Chester County,TN,53,0
47025,Claiborne County,TN,61,0
47027,Clay County,TN,18,0
47029,Cocke County,TN,126,0
47031,Coffee County,TN,134,0
47033,Crockett County,TN,48,3
47035,Cumberland County,TN,196,4
47037,Davidson County,TN,12549,138
47039,Decatur County,TN,27,0
47041,DeKalb County,TN,76,0
47043,Dickson County,TN,243,0
47045,Dyer County,TN,274,3
47047,Fayette County,TN,346,3
47049,Fentress County,TN,25,0
47051,Franklin County,TN,104,3
47053,Gibson County,TN,158,1
47055,Giles County,TN,80,1
47057,Grainger County,TN,50,0
47059,Greene County,TN,123,2
47061,Grundy County,TN,65,2
47063,Hamblen County,TN,422,4
47065,Hamilton County,TN,3088,37
47067,Hancock County,TN,10,0
47069,Hardeman County,TN,381,4
47071,Hardin County,TN,120,7
47073,Hawkins County,TN,79,2
47075,Haywood County,TN,111,2
47077,Henderson County,TN,62,0
47079,Henry County,TN,48,0
47081,Hickman County,TN,98,0
47083,Houston County,TN,19,0
47085,Humphreys County,TN,38,2
47087,Jackson County,TN,41,0
47089,Jefferson County,TN,157,1
47091,Johnson County,TN,44,0
47093,Knox County,TN,1471,9
47095,Lake County,TN,696,0
47097,Lauderdale County,TN,172,3
47099,Lawrence County,TN,202,6
47101,Lewis County,TN,10,0
47103,Lincoln County,TN,80,0
47105,Loudon County,TN,308,1
47107,McMinn County,TN,257,18
47109,McNairy County,TN,91,1
47111,Macon County,TN,546,6
47113,Madison County,TN,340,2
47115,Marion County,TN,90,4
47117,Marshall County,TN,104,2
47119,Maury County,TN,420,3
47121,Meigs County,TN,35,0
47123,Monroe County,TN,146,6
47125,Montgomery County,TN,658,7
47127,Moore County,TN,17,0
47129,Morgan County,TN,29,1
47131,Obion County,TN,118,2
47133,Overton County,TN,68,1
47135,Perry County,TN,35,0
47137,Pickett County,TN,7,0
47139,Polk County,TN,51,0
47141,Putnam County,TN,989,7
47143,Rhea County,TN,294,0
47145,Roane County,TN,75,0
47147,Robertson County,TN,882,13
47149,Rutherford County,TN,3326,38
47151,Scott County,TN,22,0
47153,Sequatchie County,TN,43,0
47155,Sevier County,TN,863,3
47157,Shelby County,TN,12842,214
47159,Smith County,TN,139,2
47161,Stewart County,TN,26,0
47163,Sullivan County,TN,178,2
47165,Sumner County,TN,1802,56
47167,Tipton County,TN,674,6
47169,Trousdale County,TN,1505,5
47171,Unicoi County,TN,56,0
47173,Union County,TN,20,0
47175,Van Buren County,TN,7,0
47177,Warren County,TN,106,0
47179,Washington County,TN,212,0
47181,Wayne County,TN,99,0
47183,Weakley County,TN,69,1
47185,White County,TN,80,3
47187,Williamson County,TN,1591,15
47189,Wilson County,TN,1099,17
48001,Anderson County,TX,1533,3
48003,Andrews County,TX,132,2
48005,Angelina County,TX,645,9
48007,Aransas County,TX,49,0
48009,Archer County,TX,10,0
48011,Armstrong County,TX,3,0
48013,Atascosa County,TX,188,2
48015,Austin County,TX,117,0
48017,Bailey County,TX,111,1
48019,Bandera County,TX,33,0
48021,Bastrop County,TX,659,8
48023,Baylor County,TX,1,0
48025,Bee County,TX,133,0
48027,Bell County,TX,1852,13
48029,Bexar County,TX,16725,146
48031,Blanco County,TX,49,1
48033,Borden County,TX,0,0
48035,Bosque County,TX,36,0
48037,Bowie County,TX,471,15
48039,Brazoria County,TX,3146,24
48041,Brazos County,TX,2704,34
48043,Brewster County,TX,148,1
48045,Briscoe County,TX,9,0
48047,Brooks County,TX,29,0
48049,Brown County,TX,156,13
48051,Burleson County,TX,131,0
48053,Burnet County,TX,215,3
48055,Caldwell County,TX,580,4
48057,Calhoun County,TX,126,2
48059,Callahan County,TX,25,2
48061,Cameron County,TX,3120,71
48063,Camp County,TX,130,2
48065,Carson County,TX,10,0
48067,Cass County,TX,52,2
48069,Castro County,TX,110,1
48071,Chambers County,TX,469,2
48073,Cherokee County,TX,286,2
48075,Childress County,TX,7,0
48077,Clay County,TX,13,0
48079,Cochran County,TX,5,0
48081,Coke County,TX,5,1
48083,Coleman County,TX,4,0
48085,Collin County,TX,3948,53
48087,Collingsworth County,TX,6,0
48089,Colorado County,TX,143,0
48091,Comal County,TX,825,15
48093,Comanche County,TX,25,1
48095,Concho County,TX,13,0
48097,Cooke County,TX,83,0
48099,Coryell County,TX,356,2
48101,Cottle County,TX,4,1
48103,Crane County,TX,62,2
48105,Crockett County,TX,18,0
48107,Crosby County,TX,33,1
48109,Culberson County,TX,6,0
48111,Dallam County,TX,104,1
48113,Dallas County,TX,29160,426
48115,Dawson County,TX,75,1
48117,Deaf Smith County,TX,401,15
48119,Delta County,TX,7,0
48121,Denton County,TX,3582,37
48123,DeWitt County,TX,131,3
48125,Dickens County,TX,2,0
48127,Dimmit County,TX,25,0
48129,Donley County,TX,28,0
48131,Duval County,TX,70,0
48133,Eastland County,TX,17,0
48135,Ector County,TX,1105,13
48137,Edwards County,TX,2,0
48139,Ellis County,TX,1424,20
48141,El Paso County,TX,8385,145
48143,Erath County,TX,200,1
48145,Falls County,TX,46,0
48147,Fannin County,TX,130,7
48149,Fayette County,TX,136,3
48151,Fisher County,TX,11,1
48153,Floyd County,TX,49,0
48155,Foard County,TX,0,0
48157,Fort Bend County,TX,4413,60
48159,Franklin County,TX,53,1
48161,Freestone County,TX,64,0
48163,Frio County,TX,293,0
48165,Gaines County,TX,39,0
48167,Galveston County,TX,5063,50
48169,Garza County,TX,19,0
48171,Gillespie County,TX,55,0
48173,Glasscock County,TX,6,0
48175,Goliad County,TX,21,0
48177,Gonzales County,TX,316,4
48179,Gray County,TX,126,2
48181,Grayson County,TX,695,7
48183,Gregg County,TX,682,13
48185,Grimes County,TX,638,2
48187,Guadalupe County,TX,929,3
48189,Hale County,TX,661,8
48191,Hall County,TX,2,1
48193,Hamilton County,TX,28,1
48195,Hansford County,TX,31,2
48197,Hardeman County,TX,5,0
48199,Hardin County,TX,306,5
48201,Harris County,TX,40012,411
48203,Harrison County,TX,392,22
48205,Hartley County,TX,45,0
48207,Haskell County,TX,6,0
48209,Hays County,TX,3328,11
48211,Hemphill County,TX,18,0
48213,Henderson County,TX,225,4
48215,Hidalgo County,TX,5782,90
48217,Hill County,TX,130,1
48219,Hockley County,TX,96,1
48221,Hood County,TX,162,5
48223,Hopkins County,TX,77,0
48225,Houston County,TX,175,0
48227,Howard County,TX,64,1
48229,Hudspeth County,TX,16,0
48231,Hunt County,TX,637,8
48233,Hutchinson County,TX,71,0
48235,Irion County,TX,3,0
48237,Jack County,TX,12,0
48239,Jackson County,TX,73,1
48241,Jasper County,TX,70,1
48243,Jeff Davis County,TX,5,0
48245,Jefferson County,TX,3235,36
48247,Jim Hogg County,TX,27,0
48249,Jim Wells County,TX,242,0
48251,Johnson County,TX,769,4
48253,Jones County,TX,560,0
48255,Karnes County,TX,62,0
48257,Kaufman County,TX,927,5
48259,Kendall County,TX,95,0
48261,Kenedy County,TX,1,0
48263,Kent County,TX,0,0
48265,Kerr County,TX,129,1
48267,Kimble County,TX,9,0
48269,King County,TX,0,0
48271,Kinney County,TX,3,0
48273,Kleberg County,TX,111,1
48275,Knox County,TX,5,0
48277,Lamar County,TX,354,13
48279,Lamb County,TX,71,0
48281,Lampasas County,TX,32,0
48283,La Salle County,TX,51,0
48285,Lavaca County,TX,212,1
48287,Lee County,TX,89,3
48289,Leon County,TX,82,0
48291,Liberty County,TX,464,3
48293,Limestone County,TX,86,1
48295,Lipscomb County,TX,11,0
48297,Live Oak County,TX,63,0
48299,Llano County,TX,27,0
48301,Loving County,TX,0,0
48303,Lubbock County,TX,3231,58
48305,Lynn County,TX,49,1
48307,McCulloch County,TX,23,0
48309,McLennan County,TX,2283,14
48311,McMullen County,TX,0,0
48313,Madison County,TX,96,0
48315,Marion County,TX,37,1
48317,Martin County,TX,22,1
48319,Mason County,TX,35,0
48321,Matagorda County,TX,295,5
48323,Maverick County,TX,677,6
48325,Medina County,TX,338,3
48327,Menard County,TX,12,0
48329,Midland County,TX,1020,19
48331,Milam County,TX,133,1
48333,Mills County,TX,6,0
48335,Mitchell County,TX,21,0
48337,Montague County,TX,25,1
48339,Montgomery County,TX,2784,38
48341,Moore County,TX,912,12
48343,Morris County,TX,48,0
48345,Motley County,TX,2,0
48347,Nacogdoches County,TX,516,29
48349,Navarro County,TX,421,6
48351,Newton County,TX,12,0
48353,Nolan County,TX,55,0
48355,Nueces County,TX,4917,35
48357,Ochiltree County,TX,60,2
48359,Oldham County,TX,4,1
48361,Orange County,TX,443,5
48363,Palo Pinto County,TX,55,2
48365,Panola County,TX,221,17
48367,Parker County,TX,507,1
48369,Parmer County,TX,236,7
48371,Pecos County,TX,138,1
48373,Polk County,TX,268,0
48375,Potter County,TX,3025,37
48377,Presidio County,TX,26,0
48379,Rains County,TX,16,0
48381,Randall County,TX,1001,7
48383,Reagan County,TX,23,0
48385,Real County,TX,4,0
48387,Red River County,TX,117,11
48389,Reeves County,TX,63,1
48391,Refugio County,TX,39,0
48393,Roberts County,TX,6,0
48395,Robertson County,TX,86,0
48397,Rockwall County,TX,413,11
48399,Runnels County,TX,19,0
48401,Rusk County,TX,249,2
48403,Sabine County,TX,28,1
48405,San Augustine County,TX,119,7
48407,San Jacinto County,TX,61,0
48409,San Patricio County,TX,267,0
48411,San Saba County,TX,7,0
48413,Schleicher County,TX,21,1
48415,Scurry County,TX,84,1
48417,Shackelford County,TX,6,0
48419,Shelby County,TX,292,14
48421,Sherman County,TX,32,0
48423,Smith County,TX,1164,7
48425,Somervell County,TX,22,0
48427,Starr County,TX,868,4
48429,Stephens County,TX,12,0
48431,Sterling County,TX,0,0
48433,Stonewall County,TX,0,0
48435,Sutton County,TX,16,0
48437,Swisher County,TX,51,1
48439,Tarrant County,TX,16180,254
48441,Taylor County,TX,597,6
48443,Terrell County,TX,2,0
48445,Terry County,TX,47,0
48447,Throckmorton County,TX,1,0
48449,Titus County,TX,846,6
48451,Tom Green County,TX,608,1
48453,Travis County,TX,13161,159
48455,Trinity County,TX,52,0
48457,Tyler County,TX,30,0
48459,Upshur County,TX,82,0
48461,Upton County,TX,10,0
48463,Uvalde County,TX,190,1
48465,Val Verde County,TX,387,1
48467,Van Zandt County,TX,158,1
48469,Victoria County,TX,1334,9
48471,Walker County,TX,2172,28
48473,Waller County,TX,216,0
48475,Ward County,TX,31,0
48477,Washington County,TX,337,32
48479,Webb County,TX,2163,36
48481,Wharton County,TX,262,1
48483,Wheeler County,TX,19,0
48485,Wichita County,TX,548,3
48487,Wilbarger County,TX,17,0
48489,Willacy County,TX,251,3
48491,Williamson County,TX,3442,48
48493,Wilson County,TX,166,5
48495,Winkler County,TX,40,0
48497,Wise County,TX,164,4
48499,Wood County,TX,118,5
48501,Yoakum County,TX,40,0
48503,Young County,TX,42,1
48505,Zapata County,TX,64,0
48507,Zavala County,TX,41,0
49001,Beaver County,UT,12,0
49003,Box Elder County,UT,209,1
49005,Cache County,UT,1582,2
49007,Carbon County,UT,19,0
49009,Daggett County,UT,0,0
49011,Davis County,UT,1644,6
49013,Duchesne County,UT,20,0
49015,Emery County,UT,9,0
49017,Garfield County,UT,18,1
49019,Grand County,UT,23,0
49021,Iron County,UT,344,1
49023,Juab County,UT,31,0
49025,Kane County,UT,13,0
49027,Millard County,UT,79,0
49029,Morgan County,UT,26,0
49031,Piute County,UT,4,0
49033,Rich County,UT,4,0
49035,Salt Lake County,UT,13646,122
49037,San Juan County,UT,441,10
49039,Sanpete County,UT,69,0
49041,Sevier County,UT,58,0
49043,Summit County,UT,553,1
49045,Tooele County,UT,315,0
49047,Uintah County,UT,41,0
49049,Utah County,UT,4988,27
49051,Wasatch County,UT,442,4
49053,Washington County,UT,1494,6
49055,Wayne County,UT,0,0
49057,Weber County,UT,1431,14
50001,Addison County,VT,68,2
50003,Bennington County,VT,74,1
50005,Caledonia County,VT,21,0
50007,Chittenden County,VT,643,39
50009,Essex County,VT,5,0
50011,Franklin County,VT,110,6
50013,Grand Isle County,VT,10,0
50015,Lamoille County,VT,36,1
50017,Orange County,VT,10,0
50019,Orleans County,VT,14,0
50021,Rutland County,VT,75,1
50023,Washington County,VT,42,1
50025,Windham County,VT,98,3
50027,Windsor County,VT,61,2
51001,Accomack County,VA,1041,14
51003,Albemarle County,VA,512,10
51005,Alleghany County,VA,39,2
51007,Amelia County,VA,49,1
51009,Amherst County,VA,38,0
51011,Appomattox County,VA,44,0
51013,Arlington County,VA,2567,133
51015,Augusta County,VA,200,2
51017,Bath County,VA,1,0
51019,Bedford County,VA,142,4
51021,Bland County,VA,2,0
51023,Botetourt County,VA,150,4
51025,Brunswick County,VA,116,1
51027,Buchanan County,VA,38,0
51029,Buckingham County,VA,572,6
51031,Campbell County,VA,54,1
51033,Caroline County,VA,132,4
51035,Carroll County,VA,241,9
51036,Charles City County,VA,41,3
51037,Charlotte County,VA,33,0
51041,Chesterfield County,VA,3108,62
51043,Clarke County,VA,58,0
51045,Craig County,VA,9,0
51047,Culpeper County,VA,837,12
51049,Cumberland County,VA,59,0
51051,Dickenson County,VA,5,0
51053,Dinwiddie County,VA,154,2
51057,Essex County,VA,64,0
51059,Fairfax County,VA,14284,498
51061,Fauquier County,VA,460,8
51063,Floyd County,VA,20,1
51065,Fluvanna County,VA,126,8
51067,Franklin County,VA,106,1
51069,Frederick County,VA,534,6
51071,Giles County,VA,18,0
51073,Gloucester County,VA,64,1
51075,Goochland County,VA,129,6
51077,Grayson County,VA,91,4
51079,Greene County,VA,78,2
51081,Greensville County,VA,373,9
51083,Halifax County,VA,73,1
51085,Hanover County,VA,459,30
51087,Henrico County,VA,2725,172
51089,Henry County,VA,330,5
51091,Highland County,VA,3,0
51093,Isle of Wight County,VA,209,9
51095,James City County,VA,323,16
51097,King and Queen County,VA,26,1
51099,King George County,VA,102,4
51101,King William County,VA,54,2
51103,Lancaster County,VA,12,0
51105,Lee County,VA,15,0
51107,Loudoun County,VA,4319,99
51109,Louisa County,VA,134,2
51111,Lunenburg County,VA,39,0
51113,Madison County,VA,46,1
51115,Matthews County,VA,7,0
51117,Mecklenburg County,VA,252,29
51119,Middlesex County,VA,15,0
51121,Montgomery County,VA,172,3
51125,Nelson County,VA,22,0
51127,New Kent County,VA,62,1
51131,Northampton County,VA,272,28
51133,Northumberland County,VA,37,1
51135,Nottoway County,VA,114,5
51137,Orange County,VA,155,3
51139,Page County,VA,295,23
51141,Patrick County,VA,48,1
51143,Pittsylvania County,VA,146,2
51145,Powhatan County,VA,86,2
51147,Prince Edward County,VA,234,6
51149,Prince George County,VA,254,2
51153,Prince William County,VA,7687,156
51155,Pulaski County,VA,48,2
51157,Rappahannock County,VA,31,0
51159,Richmond County,VA,304,4
51161,Roanoke County,VA,301,4
51163,Rockbridge County,VA,33,0
51165,Rockingham County,VA,763,12
51167,Russell County,VA,15,0
51169,Scott County,VA,11,2
51171,Shenandoah County,VA,604,35
51173,Smyth County,VA,42,1
51175,Southampton County,VA,168,10
51177,Spotsylvania County,VA,1060,31
51179,Stafford County,VA,1038,6
51181,Surry County,VA,17,1
51183,Sussex County,VA,210,7
51185,Tazewell County,VA,23,0
51187,Warren County,VA,303,6
51191,Washington County,VA,74,4
51193,Westmoreland County,VA,124,2
51195,Wise County,VA,34,2
51197,Wythe County,VA,57,1
51199,York County,VA,140,3
51510,Alexandria City,VA,2419,56
51520,Bristol city,VA,8,0
51530,Buena Vista city,VA,15,0
51540,Charlottesville City,VA,251,7
51550,Chesapeake City,VA,1117,22
51570,Colonial Heights city,VA,151,20
51580,Covington city,VA,5,0
51590,Danville City,VA,102,2
51595,Emporia city,VA,147,15
51600,Fairfax city,VA,72,7
51610,Falls Church city,VA,53,5
51620,Franklin city,VA,66,3
51630,Fredericksburg City,VA,264,0
51640,Galax city,VA,282,16
51650,Hampton city,VA,424,4
51660,Harrisonburg City,VA,975,28
51670,Hopewell city,VA,192,4
51678,Lexington city,VA,12,0
51680,Lynchburg city,VA,169,1
51683,Manassas City,VA,1464,18
51685,Manassas Park city,VA,451,6
51690,Martinsville city,VA,104,1
51700,Newport News City,VA,659,10
51710,Norfolk City,VA,1289,15
51720,Norton city,VA,4,0
51730,Petersburg city,VA,314,8
51735,Poquoson city,VA,20,0
51740,Portsmouth City,VA,605,18
51750,Radford city,VA,16,0
51760,Richmond City,VA,2333,35
51770,Roanoke city,VA,542,10
51775,Salem city,VA,84,3
51790,Staunton city,VA,85,0
51800,Suffolk City,VA,504,42
51810,Virginia Beach City,VA,1547,30
51820,Waynesboro city,VA,114,0
51830,Williamsburg City,VA,78,6
51840,Winchester city,VA,334,3
53001,Adams County,WA,218,0
53003,Asotin County,WA,21,2
53005,Benton County,WA,2183,90
53007,Chelan County,WA,491,6
53009,Clallam County,WA,47,0
53011,Clark County,WA,1004,29
53013,Columbia County,WA,8,0
53015,Cowlitz County,WA,234,0
53017,Douglas County,WA,332,3
53019,Ferry County,WA,1,0
53021,Franklin County,WA,2212,35
53023,Garfield County,WA,0,0
53025,Grant County,WA,738,8
53027,Grays Harbor County,WA,33,0
53029,Island County,WA,202,12
53031,Jefferson County,WA,41,0
53033,King County,WA,11419,632
53035,Kitsap County,WA,269,2
53037,Kittitas County,WA,165,0
53039,Klickitat County,WA,76,3
53041,Lewis County,WA,85,3
53043,Lincoln County,WA,4,0
53045,Mason County,WA,55,1
53047,Okanogan County,WA,161,2
53049,Pacific County,WA,18,1
53051,Pend Oreille County,WA,7,0
53053,Pierce County,WA,2995,108
53055,San Juan County,WA,20,0
53057,Skagit County,WA,571,16
53059,Skamania County,WA,19,0
53061,Snohomish County,WA,3819,178
53063,Spokane County,WA,1852,43
53065,Stevens County,WA,21,1
53067,Thurston County,WA,310,8
53069,Wahkiakum County,WA,4,0
53071,Walla Walla County,WA,199,2
53073,Whatcom County,WA,689,40
53075,Whitman County,WA,44,0
53077,Yakima County,WA,7868,178
54001,Barbour County,WV,18,1
54003,Berkeley County,WV,520,10
54005,Boone County,WV,30,0
54007,Braxton County,WV,4,0
54009,Brooke County,WV,19,0
54011,Cabell County,WV,190,0
54013,Calhoun County,WV,4,0
54015,Clay County,WV,11,1
54017,Doddridge County,WV,0,0
54019,Fayette County,WV,79,4
54021,Gilmer County,WV,13,0
54023,Grant County,WV,18,0
54025,Greenbrier County,WV,69,3
54027,Hampshire County,WV,42,1
54029,Hancock County,WV,35,0
54031,Hardy County,WV,46,0
54033,Harrison County,WV,108,1
54035,Jackson County,WV,148,18
54037,Jefferson County,WV,252,4
54039,Kanawha County,WV,389,20
54041,Lewis County,WV,20,2
54043,Lincoln County,WV,9,0
54045,Logan County,WV,33,1
54047,McDowell County,WV,7,0
54049,Marion County,WV,98,2
54051,Marshall County,WV,55,0
54053,Mason County,WV,23,0
54055,Mercer County,WV,61,0
54057,Mineral County,WV,62,3
54059,Mingo County,WV,27,2
54061,Monongalia County,WV,430,5
54063,Monroe County,WV,15,0
54065,Morgan County,WV,20,0
54067,Nicholas County,WV,16,1
54069,Ohio County,WV,125,1
54071,Pendleton County,WV,14,1
54073,Pleasants County,WV,5,0
54075,Pocahontas County,WV,37,0
54077,Preston County,WV,94,2
54079,Putnam County,WV,79,0
54081,Raleigh County,WV,71,0
54083,Randolph County,WV,177,0
54085,Ritchie County,WV,2,0
54087,Roane County,WV,12,1
54089,Summers County,WV,2,0
54091,Taylor County,WV,21,0
54093,Tucker County,WV,6,0
54095,Tyler County,WV,9,0
54097,Upshur County,WV,22,0
54099,Wayne County,WV,122,9
54101,Webster County,WV,1,0
54103,Wetzel County,WV,28,0
54105,Wirt County,WV,6,0
54107,Wood County,WV,166,2
54109,Wyoming County,WV,7,0
55001,Adams County,WI,35,2
55003,Ashland County,WI,3,0
55005,Barron County,WI,39,1
55007,Bayfield County,WI,4,1
55009,Brown County,WI,3123,43
55011,Buffalo County,WI,11,2
55013,Burnett County,WI,5,1
55015,Calumet County,WI,133,2
55017,Chippewa County,WI,127,0
55019,Clark County,WI,93,7
55021,Columbia County,WI,110,1
55023,Crawford County,WI,44,0
55025,Dane County,WI,2652,33
55027,Dodge County,WI,492,5
55029,Door County,WI,52,3
55031,Douglas County,WI,48,0
55033,Dunn County,WI,50,0
55035,Eau Claire County,WI,314,1
55037,Florence County,WI,4,0
55039,Fond du Lac County,WI,354,6
55041,Forest County,WI,45,3
55043,Grant County,WI,185,13
55045,Green County,WI,103,1
55047,Green Lake County,WI,41,0
55049,Iowa County,WI,38,0
55051,Iron County,WI,9,1
55053,Jackson County,WI,32,1
55055,Jefferson County,WI,315,4
55057,Juneau County,WI,47,1
55059,Kenosha County,WI,1666,44
55061,Kewaunee County,WI,69,1
55063,La Crosse County,WI,556,0
55065,Lafayette County,WI,76,0
55067,Langlade County,WI,10,1
55069,Lincoln County,WI,20,0
55071,Manitowoc County,WI,132,1
55073,Marathon County,WI,240,1
55075,Marinette County,WI,75,3
55077,Marquette County,WI,44,1
55078,Menominee County,WI,9,0
55079,Milwaukee County,WI,13004,397
55081,Monroe County,WI,110,1
55083,Oconto County,WI,73,0
55085,Oneida County,WI,24,0
55087,Outagamie County,WI,597,9
55089,Ozaukee County,WI,281,15
55091,Pepin County,WI,4,0
55093,Pierce County,WI,83,0
55095,Polk County,WI,63,2
55097,Portage County,WI,211,0
55099,Price County,WI,4,0
55101,Racine County,WI,2294,65
55103,Richland County,WI,15,4
55105,Rock County,WI,982,24
55107,Rusk County,WI,11,1
55109,St. Croix County,WI,243,1
55111,Sauk County,WI,137,3
55113,Sawyer County,WI,15,0
55115,Shawano County,WI,89,0
55117,Sheboygan County,WI,265,4
55119,Taylor County,WI,17,0
55121,Trempealeau County,WI,168,0
55123,Vernon County,WI,40,0
55125,Vilas County,WI,14,0
55127,Walworth County,WI,723,18
55129,Washburn County,WI,5,0
55131,Washington County,WI,461,17
55133,Waukesha County,WI,1526,39
55135,Waupaca County,WI,157,11
55137,Waushara County,WI,38,0
55139,Winnebago County,WI,747,13
55141,Wood County,WI,99,1
56001,Albany County,WY,45,0
56003,Big Horn County,WY,26,0
56005,Campbell County,WY,75,0
56007,Carbon County,WY,29,1
56009,Converse County,WY,27,0
56011,Crook County,WY,7,0
56013,Fremont County,WY,378,9
56015,Goshen County,WY,9,0
56017,Hot Springs County,WY,12,0
56019,Johnson County,WY,20,1
56021,Laramie County,WY,307,3
56023,Lincoln County,WY,39,0
56025,Natrona County,WY,158,1
56027,Niobrara County,WY,2,0
56029,Park County,WY,80,0
56031,Platte County,WY,4,0
56033,Sheridan County,WY,27,0
56035,Sublette County,WY,6,0
56037,Sweetwater County,WY,126,0
56039,Teton County,WY,149,1
56041,Uinta County,WY,198,0
56043,Washakie County,WY,42,5
56045,Weston County,WY,1,0
